caption,entity_1,entity_2,image_name,index_1,index_2,id
a person holding onto a banana with brown spots ,person,banana,000000484307.jpg,2,6,351971
A woman eating a donut on a park bench.,donut,bench,000000413044.jpg,5,9,378143
A small bathroom contains a sink and toilet.,toilet,sink,000000347957.jpg,8,6,624116
"Kitchen with an island sink, stove, and a refrigerator. ",refrigerator,sink,000000485951.jpg,11,5,91011
A catting setting on a bed next to a yellow teddy bear.,bed,bear,000000360178.jpg,7,13,343762
The cake is the shape of a train. ,train,cake,000000097496.jpg,8,2,538753
A person on a surfboard riding a wave ,person,surfboard,000000496476.jpg,2,5,703078
A person on a snowboard on a ramp.,person,snowboard,000000143440.jpg,2,5,381491
"A bathroom with a sink, counter top, and mirror is shown.",mirror,sink,000000306404.jpg,11,5,119545
A dog in a swimming pool with a frisbee in its mouth.,frisbee,dog,000000328228.jpg,9,2,171258
"A shower, toilet, and sink in a bathroom. ",toilet,sink,000000150032.jpg,4,7,406546
A gray tiger cat sitting on top of a sink.,cat,sink,000000018819.jpg,4,10,495246
A pepperoni and pepper pizza on a plate on a table.,pizza,plate,000000330897.jpg,5,8,773850
A man wearing an orange vest. taking items from the back of a white truck. ,orange,truck,000000267111.jpg,5,16,685931
"A den with a television, couch, chair, ottoman and shelving.",couch,chair,000000329703.jpg,7,9,822234
A plate with food on it and an orange with a fork on the plate. ,orange,fork,000000097883.jpg,9,12,666596
a close up of a person leading a horse,horse,person,000000403955.jpg,9,6,306005
A teddy bear sitting up straight on a bench.,bear,bench,000000523543.jpg,3,9,608396
"An office with shelves, a chair and a desk.",chair,desk,000000112811.jpg,7,10,553527
a person sitting at a computer keyboard playing a video game,person,keyboard,000000255573.jpg,2,8,306225
A man with a hat and wearing a tie standing outdoors.,tie,hat,000000104176.jpg,9,5,286067
a person walks with an open umbrella over their shoulder ,person,umbrella,000000221057.jpg,2,7,754793
A person playing a game with the Wii remote control.,person,remote,000000262207.jpg,2,9,762084
There is a orange on the table next to a small pocket knife,orange,knife,000000377611.jpg,4,13,285408
"A basket on the table with a fork, fish and french fries inside next to a cup",cup,fork,000000215746.jpg,18,8,417406
A bus shaped like a boat is traveling on a street. ,boat,bus,000000171841.jpg,6,2,366140
A dog in the grass that is holding a frisbee.,frisbee,dog,000000219760.jpg,10,2,518559
A sink and mirror in a small room.,mirror,sink,000000173742.jpg,4,2,383683
a cat eating some kind of crumbs out of a plate.,cat,plate,000000039386.jpg,2,11,343563
A cat stares at the camera while it stands on a chair.,chair,cat,000000380416.jpg,12,2,13407
A woman walking on a brick sidewalk holding an orange umbrella.,orange,umbrella,000000465507.jpg,10,11,648076
a red car with a black top and a man with a green umbrella,umbrella,car,000000306439.jpg,14,3,155787
A cat standing on top of a black horse. ,horse,cat,000000001323.jpg,9,2,527796
A plate with a cut in half sandwich next to a pile of fries.,sandwich,plate,000000197251.jpg,8,2,76199
"A person standing at the door of a bus, as it is stopped at a bus stop.",door,person,000000468469.jpg,6,2,469637
A flat screen TV sits next to a box of tissues and a remote control.,tv,remote,000000028149.jpg,4,14,8489
a small bathroom sink with a toothbrush and some toothpaste on it,toothbrush,sink,000000195712.jpg,7,4,108490
a close up of a motorcycle mirror with a sky background,motorcycle,mirror,000000073541.jpg,6,7,116015
a person sitting on a bench talking on a cell phone,person,bench,000000462381.jpg,2,6,47956
The girl has taped a teddy bear in a chair like a hostage. ,chair,bear,000000581278.jpg,10,7,714139
A bird perched on a banana with trees in the background.,bird,banana,000000019151.jpg,2,6,170735
Small stuffed teddy bear in black and white with a top hat.,bear,hat,000000306089.jpg,4,12,663430
Two dogs and a cat lazing on a bed,bed,cat,000000026503.jpg,10,5,232911
"A plate of food with broccoli, noodles and meat.",broccoli,plate,000000049851.jpg,6,2,40139
A dog sitting down on a chair staring.,chair,dog,000000383658.jpg,7,2,546512
a white gray and black cat is sleeping on a shoe,shoe,cat,000000285418.jpg,11,6,205647
The guy wearing camouflage outfit with the orange reflector vest is riding a motorcycle.,orange,motorcycle,000000537548.jpg,8,15,50142
A cat places its mouth on a computer keyboard. ,cat,keyboard,000000438628.jpg,2,10,581043
a close up of a cat in a window of a building,cat,window,000000426731.jpg,6,9,158831
Roses and white flowers are in a rounded bowl vase.,vase,bowl,000000034579.jpg,10,9,777378
a macaroni and cheese dog on a bun and white plate,dog,plate,000000133225.jpg,5,11,215777
The digital dining car of a digital train.,train,car,000000177994.jpg,8,4,20950
THERE IS A STATUE OF A DOG WITH A MIRROR ON IT,mirror,dog,000000198037.jpg,10,7,116805
A cat pushes a mirror from side to side ,cat,mirror,000000122213.jpg,2,5,710591
A bathroom sink under a mirror and next to shelves.,mirror,sink,000000143170.jpg,6,3,759510
A boy brushing his teeth in mirror at bathroom sink.,mirror,sink,000000523641.jpg,7,10,375759
A clock by a window looking out at a large building ,clock,window,000000014819.jpg,2,5,705821
A black cat standing on a red suitcase,cat,suitcase,000000066271.jpg,3,8,183656
an orange fire truck parked in a wharehouse,orange,truck,000000292662.jpg,2,4,16249
There is a person riding on top of an elephant. ,elephant,person,000000055942.jpg,10,4,652214
A view of a restroom sink with a missing mirror.,mirror,sink,000000330951.jpg,10,6,304133
a desk with a laptop and a computer monitor sitting next to each other ,desk,laptop,000000384235.jpg,2,5,456945
A cat on the shoulder of a man in a car. ,cat,car,000000213591.jpg,2,11,229072
a man laying on a bed and using a silver laptop ,bed,laptop,000000437452.jpg,6,11,689207
A cat lays intently on a black suitcase.,cat,suitcase,000000115642.jpg,2,9,636169
A person flying a kite on a beach by the ocean.,person,kite,000000248024.jpg,2,5,821787
a brown and black dog is sleeping in a bed and some pillows,bed,dog,000000407112.jpg,10,5,307229
"A plate of Mexican food, a basket of chips and a small bowl of salsa.",bowl,plate,000000295106.jpg,14,2,300062
"A well made bed with a fire place, chair and lamps.",chair,bed,000000468801.jpg,10,4,791339
A rusted old train car overgrown with vines.,train,car,000000208898.jpg,5,6,302041
A white kitchen microwave oven and electric stove,oven,microwave,000000257617.jpg,5,4,501503
a person holding a cell phone up in front of a round table with a cake on it,person,cake,000000367048.jpg,2,16,499126
 A small desk with a laptop and small television sitting in the corner of the room.,desk,laptop,000000254360.jpg,3,6,435937
A teddy bear is among an electric tea kettle and an empty cup.,bear,cup,000000130184.jpg,3,13,468110
a close up of a sliced pizza on a plate,pizza,plate,000000383106.jpg,7,10,565180
a person and two plates of pizza and some glasses,person,pizza,000000255969.jpg,2,7,84440
A person that is sleeping in a bed.,bed,person,000000362768.jpg,8,2,161002
"A larger bedroom features a desk, bed and art on the walls.",bed,desk,000000038733.jpg,8,6,415560
A bathroom is shown with a toilet and sink.,toilet,sink,000000005277.jpg,7,9,357093
Three pieces of broccoli fill a bowl on a marble countertop.,bowl,broccoli,000000188621.jpg,7,4,141161
A white microwave oven sitting on top of a pier.,oven,microwave,000000338248.jpg,4,3,675968
The person holds up a partially-eaten hot dog wrapped in paper.,person,dog,000000525802.jpg,2,10,148983
A pair of glasses sitting on a desk next to a cell phone and laptop.,desk,laptop,000000065448.jpg,8,15,752007
A large teddy bear in a boat being paraded down a street.,bear,boat,000000483875.jpg,4,7,310513
One cat hides under the sink while the other tries to drink from the faucet on top,cat,sink,000000579667.jpg,2,6,415223
A white cat sleeping on top of a chair net to an air conditioner.,chair,cat,000000084609.jpg,9,3,118231
The cat has a hat on top of its head.,cat,hat,000000353124.jpg,2,5,596342
A red motorcycle parked in front of a garage door.,motorcycle,door,000000436856.jpg,3,10,657712
a person walking on a city street with an opened umbrella,person,umbrella,000000042516.jpg,2,11,605206
a cat that appears to be using a toilet,cat,toilet,000000120108.jpg,2,9,531429
A cake in a plate and fruit on a table.,cake,plate,000000134238.jpg,2,5,289169
A horse sticking its head out of a window.,horse,window,000000085162.jpg,2,9,329735
A person standing in a courtyard with an umbrella.,person,umbrella,000000093756.jpg,2,9,198617
A woman in a bathrobe lying on a bed reading a book,bed,book,000000548452.jpg,10,13,186593
A colorful pizza resting on a steel oven pan.,oven,pizza,000000350741.jpg,8,3,83952
A woman holding up a blue bicycle in a car port.,bicycle,car,000000520750.jpg,7,10,749149
A bird is sitting on the back of a horse.,horse,bird,000000152586.jpg,10,2,763665
A little boy helps his father fix the oven door.,door,oven,000000287466.jpg,10,9,772040
An desk containing a desktop and laptop computer,desk,laptop,000000472109.jpg,2,7,32355
Few persons are seen on zebra crossing on road and an elephant with a banner is there.,elephant,zebra,000000133867.jpg,12,6,616940
A bowl full of broccoli with spoons on a table.,bowl,broccoli,000000412592.jpg,2,5,604744
The cat is climbing up onto the couch,couch,cat,000000378751.jpg,8,2,115373
A snow covered mountain with a person riding a snowboard down it's slope.,person,snowboard,000000035411.jpg,7,10,76744
A motorcycle parked on a narrow street sitting in front of an older model car,motorcycle,car,000000488943.jpg,2,15,46834
A laptop computer and a monitor sitting on a desk.,desk,laptop,000000029891.jpg,11,2,765553
A black and white cat standing on top of a white toilet.,cat,toilet,000000216428.jpg,5,12,354308
The man is wearing a bright orange and yellow tie.,orange,tie,000000520385.jpg,7,10,706869
A man with a dog on his lap sitting on a bed.,bed,dog,000000170640.jpg,12,5,469829
A picture is taken from the airplane window of two other planes.,airplane,window,000000396770.jpg,7,8,601826
A walks near a building with his backpack and suitcase,backpack,suitcase,000000129604.jpg,8,10,591841
A cat that doesn't look happy dressed with a tie around it's neck. ,tie,cat,000000301146.jpg,11,2,233776
A man with hat running after a frisbee on the field,frisbee,hat,000000200770.jpg,8,4,672042
A unique looking living room has a small TV and a big couch. ,couch,tv,000000205563.jpg,14,10,280234
"On this table there is a laptop, a book, a notepad and pen, some keys, some glasses in a case, a fanny pack, and a backup chip for the computer",laptop,book,000000085143.jpg,7,10,482228
A person sitting on a surfboard on the edge of the ocean.,person,surfboard,000000151138.jpg,2,6,324173
"A cheeseburger sits on a white plate, next to a drink in a Dunkin Donuts cup.",cup,plate,000000035407.jpg,17,7,59259
a sink with a bottle of booze some spritzer and an ice bucket,bottle,sink,000000200503.jpg,5,2,327197
A person is on a skateboard on a ramp with a crowd watching. ,person,skateboard,000000358486.jpg,2,6,654777
"A white table topped with game controllers, remote controls, a keyboard and phones.",keyboard,remote,000000283809.jpg,13,9,254479
A tan and white old dog and a young black and tan tog on a bed. ,bed,dog,000000502284.jpg,16,6,427210
A cat laying on a bed with some stuffed animals.,bed,cat,000000152742.jpg,6,2,581019
A plate of pizza with greens sprinkled over it.,pizza,plate,000000532571.jpg,4,2,567771
A white recovery truck is in front of a red bus.,bus,truck,000000149123.jpg,11,4,212737
A cat in the bathroom sitting on a toilet.,cat,toilet,000000032405.jpg,2,9,580339
A man is feeding a giraffe out of a cup.,cup,giraffe,000000292102.jpg,10,6,198289
A table with a white plate and a cake.,cake,plate,000000356912.jpg,9,6,322890
A man preparing a pizza to cook in the oven.,oven,pizza,000000489279.jpg,10,5,543952
A  man with a butcher knife standing next to two sheep.,sheep,knife,000000076970.jpg,11,6,231642
A dog with a Frisbee in its mouth at the edge of the water on a beach.,frisbee,dog,000000046056.jpg,5,2,499647
A bed room with the television on and a suitcase on the ground.,bed,suitcase,000000080397.jpg,2,10,519962
A wet dog standing in water with a frisbee in his mouth. ,frisbee,dog,000000477920.jpg,9,3,396714
A room with a large white bed and a flat screen TV.,bed,tv,000000162156.jpg,7,12,322669
A cat lazily sits in the middle of a cluttered desk.,cat,desk,000000009735.jpg,2,13,239029
A boy on an upside down skateboard in what looks like a bedroom on a bed.,bed,skateboard,000000090306.jpg,16,7,530586
"A bathroom area with toilet, mirror and a television.",mirror,toilet,000000118227.jpg,7,5,343177
A person cutting up an apple on a wooden cutting board.,person,apple,000000445745.jpg,2,6,532517
A cat sits on top of a mousepad on a computer desk. ,cat,desk,000000549709.jpg,2,15,243466
a cluttered room with a coach and a bicycle and a door,door,bicycle,000000391269.jpg,13,10,317868
Pizza and wine are sitting with an open book.,pizza,book,000000121647.jpg,1,9,370250
A person sitting on a large park bench on green grass.,person,bench,000000275377.jpg,2,8,11913
a woman playing with her dog and a frisbee in the park ,frisbee,dog,000000477243.jpg,9,6,82388
A person in a boat on a river with other people doing the same thing.,person,boat,000000178658.jpg,2,5,198664
A person in green shirt flying a kite on grassy field next to trees.,person,kite,000000253148.jpg,2,8,392560
a dog that is on a black skateboard,dog,skateboard,000000438915.jpg,2,8,650583
A young girl on a bench with a kite.,bench,kite,000000022658.jpg,6,9,98767
A dog gathering a group of sheep in a field.,sheep,dog,000000521922.jpg,7,2,519250
A cat laying under a black umbrella on top of a counter.,cat,umbrella,000000541109.jpg,2,7,522466
A person kneeling on a skateboard riding on asphalt.,person,skateboard,000000555074.jpg,2,7,177581
a cute little kitten sitting on a laptop keyboard ,laptop,keyboard,000000463865.jpg,8,9,755516
a desk with a computer on it sits in front of a chair,chair,desk,000000400592.jpg,14,2,400552
A tow truck towing a car on a city street.,truck,car,000000374174.jpg,3,6,312274
a person wearing a blue shirt a refrigerator and a stove,person,refrigerator,000000411450.jpg,2,8,214481
"A gray cat perched atop a window ledge, peering outside",cat,window,000000026803.jpg,3,7,292714
a cat wearing a hat sitting on a soffa,cat,hat,000000080213.jpg,2,5,598969
A PERSON IS ON THE BEACH LYING ON THE SURF BOARD HUGGING A DOG ,person,dog,000000034454.jpg,2,14,541239
a glass of orange juice places next to a cup of coffee,orange,cup,000000135029.jpg,4,10,784937
a desk with a laptop and some chairs ,desk,laptop,000000552136.jpg,2,5,503691
A person sitting on a surfboard at the beach.,person,surfboard,000000315856.jpg,2,6,2549
A black cat sitting on top of a red couch.,couch,cat,000000397894.jpg,10,3,429089
A bathroom with a wall mounted white toilet and a large window.,toilet,window,000000179921.jpg,8,12,622567
"A den with a couch, chair, coffee table and television.",couch,chair,000000432297.jpg,5,7,267695
A large  black cat sitting on a desk,cat,desk,000000568559.jpg,4,8,131135
An elephant with a red bench on its back and a red and yellow blanket over it's body.,elephant,bench,000000293974.jpg,2,6,98763
a black cat is sitting on a wood bench,cat,bench,000000207282.jpg,3,9,706336
A soggy small dog with pink shirt on a surfboard,surfboard,dog,000000047105.jpg,10,4,456352
A cat is laying in a bowl with a receipt.,cat,bowl,000000227730.jpg,2,7,285962
Black and white cat standing in front of a mirror. ,cat,mirror,000000257588.jpg,4,10,108308
Front room with couch picture coffee table and bay window.,couch,window,000000129415.jpg,4,10,651609
A person on a surfboard jumping a wave.,person,surfboard,000000049901.jpg,2,5,191336
A woman at a table eating doughnuts with a knife and fork,fork,knife,000000461715.jpg,12,10,196656
A black cat sitting in a window sill behind the blinds.,cat,window,000000163738.jpg,3,7,327993
A pizza on a table with a knife in the background.,pizza,knife,000000278449.jpg,2,8,159801
a person riding a horse with a flag ,horse,person,000000544261.jpg,5,2,661172
A brown dog looking at the lit candle on the doggy birthday cake,cake,dog,000000371046.jpg,13,3,558738
A footlong sandwich on a piece of paper next to a serrated knife.,sandwich,knife,000000139306.jpg,4,15,324484
A woman and a dog tussle over a frisbee.,frisbee,dog,000000070528.jpg,10,5,158525
a living room with a sofa chair television lamp and window,chair,window,000000188688.jpg,7,11,561147
A cat peeking out of the comforter on a large bed,bed,cat,000000551358.jpg,12,2,199472
A bird is eating leftover Chinese food off a plate inside a restaurant.,bird,plate,000000401392.jpg,2,10,538751
A sad looking dog is looking outside an open window.,dog,window,000000060689.jpg,4,10,392585
"Dog, white Scottish or Sealyham Terrier, on belly, next to shallow yellow bowl on grass ground.",bowl,dog,000000522818.jpg,18,1,125862
A zebra standing next to a giraffe on a field.,giraffe,zebra,000000511138.jpg,7,2,716969
A pizza sitting on top of a plate on a wooden table.,pizza,plate,000000311561.jpg,2,8,586340
"A kitchen has a refrigerator, a dishwasher, and a window.",refrigerator,window,000000504336.jpg,5,12,421646
a computer that has a keyboard and a mouse,mouse,keyboard,000000440964.jpg,10,7,655871
A person putting dough into an oven with a spatula.,person,oven,000000182455.jpg,2,7,47715
Two people walking under an umbrella on a street near some benches and a motorcycle.,motorcycle,umbrella,000000173161.jpg,15,6,252761
a cat sitting next to a glass  window,cat,window,000000468411.jpg,2,8,741799
The black cat is standing on a computer keyboard that is on the floor.,cat,keyboard,000000036942.jpg,3,10,490555
A cat and its reflection in a round mirror,cat,mirror,000000458631.jpg,2,9,187226
A person riding a brown horse through a green pasture.,horse,person,000000386589.jpg,6,2,28461
A cat with its facing hanging over a keyboard.,cat,keyboard,000000575911.jpg,2,9,447162
A metal toilet with a black seat sitting next to a window.,toilet,window,000000190227.jpg,3,12,154314
A TV sitting next to a chair in a room.,chair,tv,000000544703.jpg,7,2,288282
A cat is looking out of the window intensely.,cat,window,000000051296.jpg,2,8,442671
A person wearing athletic shoes is laying on a bed.,bed,person,000000554710.jpg,10,2,343473
a cat is standing next to a mug in a sink,cat,sink,000000022041.jpg,2,11,799619
"A plate with steak, gravy, baked apples, and broccoli. ",broccoli,plate,000000316675.jpg,12,2,130316
A sitting cow and a bird side by side in green grass,cow,bird,000000576075.jpg,3,6,623556
A plate of a variety of meats and cheeses with a cup of jelly.,cup,plate,000000264362.jpg,12,2,726915
A cat is trying to reach food a person is preparing.,cat,person,000000117774.jpg,2,9,462164
A person and a cat are looking at television.,cat,person,000000266250.jpg,5,2,511463
A pickup truck sitting on the back of a train.,train,truck,000000337458.jpg,10,3,690978
"A plate with barbecue chicken, mashed red potatoes and steamed broccoli.",broccoli,plate,000000483389.jpg,12,2,153674
A person with a snowboard next to a man with skis.,person,snowboard,000000450598.jpg,2,5,361877
A bowl of rice and carrots with a spoon.,spoon,bowl,000000324450.jpg,9,2,680977
a dog sitting on the ledge in an open window,dog,window,000000332568.jpg,2,10,698360
the small cat is sitting inside a suitcase,cat,suitcase,000000064423.jpg,3,8,607155
A brown dog laying next to a bottle of wine,bottle,dog,000000094823.jpg,8,3,503838
A dog by a bench in a park ,bench,dog,000000016377.jpg,5,2,681799
a square glass bowl and some carrots a fork and drink,fork,bowl,000000354645.jpg,9,4,613799
A young boy eats pizza from a plate.,pizza,plate,000000327536.jpg,5,8,684434
a white bird walking by a canoe boat in the water,boat,bird,000000484002.jpg,8,3,429377
A girl holding a bird in the mirror to see it's reflection.,mirror,bird,000000025515.jpg,8,5,26184
A bus and bicycle in a parking bay ,bicycle,bus,000000184123.jpg,4,2,608798
An open laptop computer sitting next to a musical keyboard.,laptop,keyboard,000000410033.jpg,3,11,529125
A black bear running away from a black and white dog.,bear,dog,000000522225.jpg,3,11,105448
A tractor sits on the back of a large truck in front of a clock tower. ,clock,truck,000000184477.jpg,15,10,208216
A dark cat sits under a blue umbrella.,cat,umbrella,000000123916.jpg,3,8,407399
A woman and two boys lay on a bed with a white dog and look at a magazine.,bed,dog,000000445495.jpg,9,13,265414
Some dress shirt along with a tie and a suit hanged on a door knob. ,tie,door,000000229052.jpg,7,14,538818
The dog caught the Frisbee in the event outside.,frisbee,dog,000000399031.jpg,5,2,571993
A cat laying under a blanket on a bed.,bed,cat,000000471988.jpg,9,2,229370
Broccoli and shrimp in a white bowl with chopsticks.,bowl,broccoli,000000371841.jpg,7,1,192705
A cat rubbing its body against an wooden oval mirror. ,cat,mirror,000000189966.jpg,2,10,727747
A slice of a six layer rainbow cake on a white plate.,cake,plate,000000434623.jpg,8,12,601630
A meal with a large sandwich and onion rings on a plate.,sandwich,plate,000000022072.jpg,6,12,210874
The boy is riding the bus sitting in the window seat. ,bus,window,000000155160.jpg,6,10,397581
A group of people on a small boat with umbrella.,umbrella,boat,000000356622.jpg,10,8,353221
A person on a motor bike and a car on the street.,person,car,000000378502.jpg,2,9,424367
A cat that is laying down on a desk.,cat,desk,000000524130.jpg,2,9,778647
A person wearing a tie posing for a photo.,tie,person,000000261051.jpg,5,2,286151
A woman holds a plate with rainbow cake.,cake,plate,000000059547.jpg,8,5,709946
A miniature laptop and coffee cup on top of a box. ,cup,laptop,000000304958.jpg,6,3,164241
plant sitting on computer desk near a bright window,desk,window,000000463132.jpg,6,10,333126
A keyboard and monitor are sitting on a desk.,desk,keyboard,000000425359.jpg,9,2,451920
A white train car that has been painted on.,train,car,000000406077.jpg,3,4,45171
a blue bird with a black face sitting on a plate,bird,plate,000000197915.jpg,3,11,545357
A man sitting in a chair petting a dog.,chair,dog,000000442875.jpg,6,9,668572
Whit cat laying on the hood of a car.,cat,car,000000040359.jpg,2,9,39244
A bedroom with a wood floor and four post bed that has a sliding door leading to a patio with a view of the water.,bed,door,000000075458.jpg,10,15,144747
A plate of food that has a sandwich and some potato wedges on it.,sandwich,plate,000000530599.jpg,8,2,822385
A dog sits in the window display of a store,dog,window,000000378662.jpg,2,6,710494
a reflection of a dog sticking his head out the window ,dog,window,000000215223.jpg,5,11,747810
A man reading a book on a bed next to a stuffed animal.,bed,book,000000024457.jpg,8,5,823203
A big bright orange bus in the street.,orange,bus,000000178242.jpg,4,5,244051
A person jumping and doing a skateboard trick.,person,skateboard,000000008772.jpg,2,7,745732
Two atvs loaded in the bed of a white truck. ,bed,truck,000000501286.jpg,7,11,88008
A cat stretching on a blue bench near a red brick wall.,cat,bench,000000535679.jpg,2,7,698525
"A cluttered room with television, chair, table, and large window.",chair,window,000000401703.jpg,8,14,816189
A young boy riding a train while hanging his head out of the window.,train,window,000000162965.jpg,6,14,4007
A small dog carries a frisbee in its mouth,frisbee,dog,000000030646.jpg,6,3,318616
A bicycle that has a rear view mirror on it.,mirror,bicycle,000000086135.jpg,8,2,562885
A plate with a sandwich and french fries with a drink in a glass.,sandwich,plate,000000059497.jpg,5,2,724583
A cat sitting in a chair pulled up to a table.,chair,cat,000000026942.jpg,6,2,326052
A sandwich sitting on top of a pan next to a knife.,sandwich,knife,000000056430.jpg,2,12,530941
an orange truck parked in a parking lot,orange,truck,000000126687.jpg,2,3,29566
A driver and another person pose beside a motorcycle.,motorcycle,person,000000484279.jpg,9,5,742724
A bed in a bedroom sitting underneath a window.,bed,window,000000525913.jpg,2,9,106384
"A living room with a TV, black ottoman, and a couch.",couch,tv,000000379241.jpg,13,6,147865
The teddy bear is facing toward the computer keyboard.,bear,keyboard,000000388481.jpg,3,10,4187
"A hotel bathroom with a sink, toilet, and towels. ",toilet,sink,000000458592.jpg,8,6,28824
"A cup, vase with flower and a wine glass on the table",cup,vase,000000520842.jpg,2,4,556285
A man holds up high a kite next to a bicycle,bicycle,kite,000000127074.jpg,11,7,516379
A city bus with a car and several people in a city,bus,car,000000127520.jpg,3,6,798566
A desk with several papers and a laptop on it.,desk,laptop,000000253498.jpg,2,8,230395
A flat screen TV sitting on top of a wooden desk.,tv,desk,000000566583.jpg,4,11,497745
A yellow car with a surfboard tied to the roof,surfboard,car,000000058987.jpg,6,3,91111
A train station with a large clock on the front of the building.,train,clock,000000214527.jpg,2,7,150783
"A den with a couch, chair and stairwell that curves upward.",couch,chair,000000151848.jpg,5,7,550844
Pepperoni and olive pizza faces on a paper plate,pizza,plate,000000268866.jpg,4,9,163737
a dog jumping in the air with a frisbee in its mouth,frisbee,dog,000000415723.jpg,9,2,420203
A person taking a selfie in front of a large mirror.,person,mirror,000000264805.jpg,2,11,768951
"The brown, black, and white dog looks at it's reflection in the mirror.",mirror,dog,000000483871.jpg,16,8,433030
An apple sitting on top of a table next to an orange.,orange,apple,000000102811.jpg,12,2,556872
A couple riding an elephant while sitting under an umbrella,elephant,umbrella,000000436031.jpg,5,10,35176
A person walking down a rain covered road under a black umbrella.,person,umbrella,000000569353.jpg,2,12,88212
a black and blue couch a light and a bed without sheets,couch,bed,000000398225.jpg,5,10,828340
Cat perched on edge of toilet seat with head stuck inside.,cat,toilet,000000295831.jpg,1,6,255283
A mini car mouse is sitting on a mousepad with the headlights on.,mouse,car,000000077811.jpg,4,3,144344
"a white bathroom with a sink, mirror and trash basket.",mirror,sink,000000077842.jpg,8,6,60269
A person chasing their red kite through a park.,person,kite,000000065008.jpg,2,6,267413
A bagel sandwich and some chips rest on a plate.,sandwich,plate,000000345881.jpg,3,10,62477
A stuffed bear sitting on a mason jar near a window.,bear,window,000000560004.jpg,3,11,547188
A person in winter clothes is flying a kite in a snowy park covered in footprints.,person,kite,000000190084.jpg,2,9,84735
A very nice looking motorcycle parked by a truck.,motorcycle,truck,000000436559.jpg,5,9,568592
A primitive toilet has only places to put your feet and a canister with a cup in it .,cup,toilet,000000418818.jpg,17,3,169760
a man sitting in a chair eating and a dog watching,chair,dog,000000364994.jpg,6,10,25296
A person painting colorful images on a vase.,person,vase,000000359801.jpg,2,8,665155
"A bathroom with a toilet, sink and various cabinets.",toilet,sink,000000429221.jpg,5,7,296421
A person kneeling down next to a  white horse.,horse,person,000000193401.jpg,10,2,574902
A group of people hunched on the ground while a dog catches a frisbee above them and other people watch.,frisbee,dog,000000519218.jpg,15,12,251367
A view of the mountains is shown from an airplane window.,airplane,window,000000401783.jpg,10,11,119277
A girl is laying on a bed with a teddy bear.,bed,bear,000000158077.jpg,7,11,525200
An orange and white train traveling along a loading platform.,orange,train,000000565996.jpg,2,5,607991
a sandwich and some chicken on a plate,sandwich,plate,000000315181.jpg,2,8,800247
A black and white cat lying on a bed.,bed,cat,000000433202.jpg,9,5,819684
A plate topped with piled of food including broccoli.,broccoli,plate,000000516114.jpg,9,2,581859
An old man laying in a bed while using a laptop computer.,bed,laptop,000000160712.jpg,7,11,50423
A tan stuffed teddy bear sits on a blue couch beside a red checkered pillow.,couch,bear,000000201949.jpg,10,5,90890
A baby sits in his highchair and looks at a decorated birthday cake.,chair,cake,000000421564.jpg,7,14,503796
A cat that is standing on a ledge looking at a plate.,cat,plate,000000199822.jpg,2,12,456062
German shepherd dog in mid-leap catching a thrown frisbee.,frisbee,dog,000000394303.jpg,11,3,357683
A white and gray bird perches in a person's hand to eat.,person,bird,000000287270.jpg,10,5,523172
Plate of hot sliced pizza ready for consumption.,pizza,plate,000000536996.jpg,5,1,581391
A teddy bear in a white gown hanging from a door hook,door,bear,000000192862.jpg,11,3,17535
A man is bottle feeding an elephant calf.,elephant,bottle,000000066406.jpg,7,4,91345
A slice of chocolate cake is displayed on a plate.,cake,plate,000000311358.jpg,5,10,544488
the elephant is riding in a truck  on the road,elephant,truck,000000189770.jpg,2,7,636518
A white pickup truck with a full bed.,bed,truck,000000563658.jpg,8,4,483628
A person is feeding a banana to a young girl.,person,banana,000000090516.jpg,2,6,382612
"A plate of stake, potatoes, broccoli and mushrooms.",broccoli,plate,000000547966.jpg,8,2,539344
"A couch, TV and kiddy pool are sitting on a curb.",couch,tv,000000443240.jpg,2,4,815488
A truck on a street with a car on the back.,truck,car,000000374174.jpg,2,8,308770
A person sitting on a concrete bench with a mask on.,person,bench,000000310511.jpg,2,7,556521
A woman in a field of flowers holding an orange umbrella.,orange,umbrella,000000358171.jpg,10,11,117632
"Asian noodle soup, served in a bowl with a spoon and chopsticks.",spoon,bowl,000000247124.jpg,11,8,634499
A television playing Battlestar Galactica with pizza on a plate on the floor.,pizza,plate,000000310059.jpg,9,12,361590
a person legs and feet are seen while sitting on a park bench ,person,bench,000000330637.jpg,2,13,810015
three kids sitting together on a bed with one of them holding onto a teddy bear,bed,bear,000000052901.jpg,7,16,89309
The guy on the skateboard is in the opposite lane from the bus.,bus,skateboard,000000530653.jpg,13,5,398801
A toddler sitting on a suitcase looks at a picture book.,suitcase,book,000000488980.jpg,6,11,54424
A person on the floor in front of a refrigerator,person,refrigerator,000000361391.jpg,2,10,605958
A slice of pepperoni and sausage pizza and a drink in a disposable cup.,cup,pizza,000000355919.jpg,14,7,682579
A person riding a motorcycle with a helmet on in the middle of the desert,motorcycle,person,000000126433.jpg,5,2,824879
A man standing next to a woman leaning on the flat bed of a truck.,bed,truck,000000178411.jpg,12,15,274582
Toilet bowl sitting on the side of the road filled with papers. ,bowl,toilet,000000093519.jpg,2,1,92969
A dog is wearing a hat while sitting on a table.,hat,dog,000000561887.jpg,6,2,206943
A person is taking a picture in a bathroom mirror.,person,mirror,000000470754.jpg,2,10,397995
A dog is sleeping on the step by a blue door.,door,dog,000000475923.jpg,11,2,134505
a person sitting on a bench with a view of some mountains ,person,bench,000000353652.jpg,2,6,760901
a yellow box sitting on a keyboard on a laptop ,laptop,keyboard,000000275644.jpg,10,7,621280
A woman plays with a bird while in bed.,bed,bird,000000097800.jpg,9,6,535870
A person jumping over a hill on a snowboard.,person,snowboard,000000190689.jpg,2,9,392929
A manipulated photo of a dog in a mirror with and without a collar.,mirror,dog,000000568788.jpg,10,7,315973
A man and dog stand next to a horse.,horse,dog,000000366811.jpg,9,4,72381
The cat is looking up at the plate,cat,plate,000000255420.jpg,2,8,577282
there is a cat peeking out of a window,cat,window,000000313738.jpg,4,9,277717
Two people sit in the bed of a pickup truck holding dogs.,bed,truck,000000490199.jpg,6,10,239313
"A bathroom area with sink, counter and decorative mirror.",mirror,sink,000000019023.jpg,10,5,257584
A cat sticking its head in a toilet.,cat,toilet,000000086687.jpg,2,8,779360
A sandwich cut in half on a plate.,sandwich,plate,000000051618.jpg,2,8,295089
A man in white turban using a laptop on chair.,chair,laptop,000000332547.jpg,10,8,379317
A person holding a skateboard over their head,person,skateboard,000000324145.jpg,2,5,284599
"A picture of an egg sandwich with sprouts, onions, lettuce and tomato on a white plate. ",sandwich,plate,000000478833.jpg,6,18,466284
A laptop computer sitting on a desk next to a desktop monitor.,desk,laptop,000000536514.jpg,8,2,162495
a cat in brown and white lying near a shoe,shoe,cat,000000224793.jpg,10,2,521129
An unfinished bathroom with a sink and toilet.,toilet,sink,000000106363.jpg,8,6,519174
"A bathroom is shown with a toilet, sink and bathtub.",toilet,sink,000000158344.jpg,7,9,260289
A couple of slices of pepperoni pizza on top of a plate.,pizza,plate,000000140304.jpg,7,12,815954
a woman sits on a couch with a wii remote in hand ,couch,remote,000000087151.jpg,6,10,789500
A dog laying in the grass with a yellow frisbee in its mouth,frisbee,dog,000000208913.jpg,10,2,399634
A person on a snowboard rides on the hill.,person,snowboard,000000295265.jpg,2,5,439967
"A bathroom shower, toilet and mirror that is decorated in tan tile.",mirror,toilet,000000169598.jpg,7,5,794720
A person is looking out the window at the airport.,person,window,000000393656.jpg,2,7,757688
 A man with a backpack and suitcase walks off,backpack,suitcase,000000435855.jpg,5,7,126315
"A day lays its head near a person's hand, which is holding a book.",person,book,000000532693.jpg,8,16,756226
a person standing by a train that is parked on the track ,person,train,000000229559.jpg,2,6,358921
A person holding a remote as it rests on a blanket.,person,remote,000000538822.jpg,2,5,702198
a lazy cat lies on a gray couch,couch,cat,000000159170.jpg,8,3,820205
a person that has a umbrella in his hand,person,umbrella,000000105622.jpg,2,6,793228
A baby hangs out of the car window next to the zebras,window,car,000000038513.jpg,8,7,726469
A person's hand giving a thumbs up in front of a suitcase.,person,suitcase,000000104487.jpg,2,13,304649
a pizza cut in pieces on a white plate,pizza,plate,000000269450.jpg,2,9,537654
A window with a view of a clock tower.,clock,window,000000197408.jpg,8,2,27153
A person on a motor bike next to a bus.,person,bus,000000513657.jpg,2,10,360050
A large brown dog laying on top of a bed next to a pillow.,bed,dog,000000203371.jpg,10,4,254736
A clock on a wall with woman holding an umbrella underneath.,umbrella,clock,000000389729.jpg,10,2,335206
A large dog is laying on top of a woman on a couch.,couch,dog,000000221840.jpg,13,3,605979
Man with umbrella sits on long bench in front of trees.,umbrella,bench,000000540978.jpg,3,7,390985
A person holding a surfboard on the edge of the water.,person,surfboard,000000252290.jpg,2,5,254659
A person is riding a horse hard in the dirt.,horse,person,000000529823.jpg,6,2,653126
A person standing in front of a train holding a pair of skis.,person,train,000000198447.jpg,2,8,75687
A cat is standing on a black suitcase.,cat,suitcase,000000208834.jpg,2,8,740194
A cat tail next to a mouse ,cat,mouse,000000061025.jpg,2,7,85782
a sink with apples with a large window in front,sink,window,000000112286.jpg,2,8,159929
"a white plate holding an empty glass, doily and a spoon.",spoon,plate,000000127712.jpg,13,3,340603
A grey and white cat watching water drain from a sink.,cat,sink,000000435316.jpg,5,11,176649
There is a person holding a blue frisbee,frisbee,person,000000321851.jpg,8,4,235438
A man walking past a window in the rain with an umbrella.,umbrella,window,000000355638.jpg,12,6,375639
An elephant removing a man's hat with its trunk.,elephant,hat,000000022423.jpg,2,7,344711
White cat eating out fom her bowl near a white wall.,cat,bowl,000000543686.jpg,2,8,766470
A cat sitting next to a red chair in a room.,chair,cat,000000267664.jpg,8,2,268101
A person on a snowboard performs a jump while two people watch.,person,snowboard,000000024375.jpg,2,5,742754
A gray cat has its paw wrapped around a Wii remote control.,cat,remote,000000373623.jpg,3,11,17680
A bloody hand in a fruit bowl holds an apple.,apple,bowl,000000312038.jpg,10,7,568225
a plate of food with various foods and a fork.,fork,plate,000000051453.jpg,10,2,741304
A man in glasses and a hat is in the grass cleaning a frisbee.,frisbee,hat,000000160823.jpg,14,7,283507
A laptop and a bottle on a wooden table.,bottle,laptop,000000541029.jpg,5,2,544246
A boat floating on the sea with its sail which has a picture of a horse on it unfurled.,horse,boat,000000521203.jpg,16,2,282189
A sandwich on a plate next to a mug on the table. ,sandwich,plate,000000496826.jpg,2,5,319968
an elephant on the back of a truck on a city street ,elephant,truck,000000541900.jpg,2,8,730898
A bathroom with a sink and mirror is shown.,mirror,sink,000000041737.jpg,7,5,366036
A person wearing a hat and swinging a tennis racquet.,person,hat,000000356824.jpg,2,5,769921
a woman sitting under an umbrella while reading a book ,umbrella,book,000000473499.jpg,6,10,728428
A man sits by a window with a beer typing on a laptop.,laptop,window,000000411733.jpg,13,6,178611
A piece of cheese cake with blueberry topping and a cup of coffee.,cup,cake,000000504980.jpg,11,5,327220
A man riding a horse standing next to a blue truck.,horse,truck,000000122871.jpg,5,11,152351
a lady sitting at a table eating a sandwich  chips and a bottle of water,bottle,sandwich,000000290201.jpg,13,9,510475
A stylized photo of a ripe banana sitting on a desk.,desk,banana,000000046615.jpg,12,8,203585
A person cutting into a chocolate cake with syrup on it.,person,cake,000000141163.jpg,2,7,789056
A person with a couple surfboards on the beach.,person,surfboard,000000531633.jpg,2,6,455010
A man on a motorcycle is looking in his mirror.,motorcycle,mirror,000000345560.jpg,5,10,701266
A cat sits inside of a bathroom sink.,cat,sink,000000054918.jpg,2,8,738874
People walking around and one person holding a decorated umbrella.,person,umbrella,000000519382.jpg,6,10,90756
A person laying down and looking at a laptop. ,person,laptop,000000209493.jpg,2,9,649383
A person sitting on  a snowboard going downhill,person,snowboard,000000096622.jpg,2,6,378494
A man is sitting on a bench with an umbrella.,umbrella,bench,000000195798.jpg,10,7,602874
A laptop computer with auxiliary keyboard on a wooden table.,laptop,keyboard,000000524286.jpg,2,7,750138
a person eating a hot dog next to other people ,person,dog,000000576810.jpg,2,6,504167
"A man holding an orange disc, stepping out from a creek bed.",orange,bed,000000045086.jpg,5,13,347373
"BATHTUB/SHOWER, TOILET, SINK AND ORGANIZER ON THE WALL",toilet,sink,000000174358.jpg,5,7,752355
A dog has a water bottle in his mouth. ,bottle,dog,000000406716.jpg,6,2,498305
An toilet and a sink in a worn and torn washroom.,toilet,sink,000000549644.jpg,2,5,42041
The cat is lazily laying on the bench.,cat,bench,000000168803.jpg,2,9,234914
A woman and a cat reflected in a mirror made of three circular sections,cat,mirror,000000000684.jpg,5,9,763413
A person with an umbrella walking in the rain,person,umbrella,000000261800.jpg,2,5,173349
A woman in white shirt opening a refrigerator with sink in background.,refrigerator,sink,000000105310.jpg,8,10,398631
a girl crouching next to a bench with a cat on it,cat,bench,000000565805.jpg,11,8,277680
A red teddy bear sitting on top of a big white empty bed.,bed,bear,000000075110.jpg,13,4,75863
A cat sits in a sink basin and puts its mouth to the faucet. ,cat,sink,000000286471.jpg,2,6,209590
"A person from the back with a bag slung over back, holding arm out to a standing elephant, near a wall, outside.",elephant,person,000000566681.jpg,20,2,762372
a man and a horse standing next to a big red truck,horse,truck,000000282431.jpg,5,12,628931
A woman that is holding a carrot in a bowl.,carrot,bowl,000000395888.jpg,7,10,536602
a bottle is sitting on top of a white sink,bottle,sink,000000037044.jpg,2,10,790055
"a bathroom with a sink, cabinets and a mirror.",mirror,sink,000000133273.jpg,10,5,225010
A man wearing a black suit and tie and wearing a hat.,tie,hat,000000569484.jpg,8,12,349462
A bowl of cooked broccoli with lemon and chili flakes.,bowl,broccoli,000000390757.jpg,2,5,92073
The black cat is wearing a little necktie.,tie,cat,000000261981.jpg,9,3,297363
A brown bear sitting on top of a floor near a window.,bear,window,000000233780.jpg,3,12,567391
A person taking a picture of a plate of food with a glass of milk.,person,plate,000000470547.jpg,2,8,658028
"A person with headphones on, sitting on a bench.",person,bench,000000205221.jpg,2,10,795982
A refrigerator that's being thrown out with the door removed.,door,refrigerator,000000167480.jpg,10,2,504474
A person waiting to get on a bus.,person,bus,000000032549.jpg,2,8,251718
A women who is looking at the door of a passenger train.,door,train,000000099081.jpg,8,12,789152
A seagull sitting on a car mirror near a beach.,mirror,car,000000509579.jpg,7,6,750508
A donut and cup of coffee sitting next to money on a table.,cup,donut,000000292579.jpg,4,2,357586
"A white bathroom features a sink, toilet and white tile.",toilet,sink,000000047409.jpg,8,6,214272
A black and white cat is resting on the couch,couch,cat,000000389718.jpg,10,5,208239
"Pizza with mushrooms spinach, tomato and cheese on a blue plate.",pizza,plate,000000041284.jpg,1,12,789784
A person on a modified bike is flying a kite in a field.,person,kite,000000338102.jpg,2,10,453290
"A plate of food with meant, potatoes, and broccoli.",broccoli,plate,000000432153.jpg,11,2,505983
this is a plate of shrimp and broccoli on a table,broccoli,plate,000000066209.jpg,8,4,758019
A young boy standing in front of a sink next to a toilet.,toilet,sink,000000153880.jpg,13,9,594008
A black cat with a girl sitting on the couch behind it.,couch,cat,000000439779.jpg,10,3,39204
a gray and white cat and its reflection in a mirror,cat,mirror,000000458631.jpg,5,11,189380
"Basin, mirror, and shower with door in white bathroom.",door,mirror,000000552297.jpg,8,3,523317
A man walks towards a car holding a kite.,kite,car,000000067975.jpg,9,6,138523
Three people are sitting on the couch holding a dog.,couch,dog,000000342340.jpg,7,10,726714
A dog in a bed that has sheets all over his head.,bed,dog,000000290753.jpg,5,2,725367
A cat standing in front of a mirror on a floor.,cat,mirror,000000460661.jpg,2,8,356094
A baby zebra grazes while a giraffe stands behind it. ,giraffe,zebra,000000447456.jpg,8,3,301402
A person in a green field flying a kite.,person,kite,000000148099.jpg,2,9,288598
A room with a door and a small refrigerator ,door,refrigerator,000000180490.jpg,5,9,745207
A man holding a teddy bear sitting in a chair ,chair,bear,000000120537.jpg,10,6,481813
A cat on a bed with its paws in a box.,bed,cat,000000176991.jpg,5,2,337440
A boy holding a toothbrush standing in the grass with a parked car behind him.,toothbrush,car,000000192407.jpg,5,13,724621
THERE IS A PERSON THAT IS RIDING THE BACK OF AN ELEPHANT ,elephant,person,000000550134.jpg,12,4,599174
"A black suitcase with writing on it, sitting in front of a door.",door,suitcase,000000004885.jpg,14,3,225554
A zebra and horse in the middle of a dirt field.,horse,zebra,000000561565.jpg,4,2,233144
"Two hot dogs, mac and cheese, noodles, and corn on a plate with a fork",fork,plate,000000445960.jpg,18,15,498052
An orange couch with wood arms in an outdoor courtyard.,couch,orange,000000358836.jpg,3,2,292711
Sandwich on a bun in a white plate with a blue rim.,sandwich,plate,000000528643.jpg,1,8,517107
A person grabbing a slice of pizza to eat,person,pizza,000000248878.jpg,2,7,44288
Two kids are sitting on the bed with a red chair.,chair,bed,000000159970.jpg,11,7,264128
A person on the side of a mounting about to take a spill on a snowboard.,person,snowboard,000000176155.jpg,2,16,62680
A plate with a slice of pizza on it sitting on a wooden table.,pizza,plate,000000317177.jpg,7,2,44089
A black dog standing next to a yellow frisbee. ,frisbee,dog,000000564483.jpg,9,3,225934
An empty chair in front of a cluttered desk.,chair,desk,000000096130.jpg,3,10,689223
The cat is sitting on top of the motorcycle.,motorcycle,cat,000000061403.jpg,9,2,381621
A person flying a large kite on a beach. ,person,kite,000000359805.jpg,2,6,637373
"A dog standing in a den with a couch, chairs, table and television.",couch,dog,000000511050.jpg,9,2,791987
Cute picture of white cat snuggled near older dog.,cat,dog,000000456376.jpg,5,10,92013
a chair and a bed in a room,chair,bed,000000330439.jpg,2,5,753585
A person using a snowboard in air over snow.,person,snowboard,000000135258.jpg,2,5,771097
"A snow covered ground outside of a yellow colored house, with a dog tied to an outdoor chair.",chair,dog,000000069077.jpg,19,14,474541
A person riding on top of an elephant on the street.  ,elephant,person,000000300246.jpg,8,2,764368
a big brown teddy bear with a bow sitting on a black and silver chair,chair,bear,000000448413.jpg,15,5,78748
A cat standing up on the side of a white toilet.,cat,toilet,000000117307.jpg,2,11,529017
A colorfully dressed person and a dog standing next to several bicycles and a scooter.,person,dog,000000082312.jpg,5,8,83957
"A dog is observing a small cake, probably for it. ",cake,dog,000000373396.jpg,7,2,332544
A dog that is laying down on a bed.,bed,dog,000000110013.jpg,9,2,423376
The dog is sleeping with his head on the arm of the chair. ,chair,dog,000000499225.jpg,13,2,240752
A woman with an umbrella sits on a bench checking her phone.,umbrella,bench,000000023392.jpg,5,9,811252
a close up of a sandwich on a plate,sandwich,plate,000000329616.jpg,6,9,486872
A ca standing next to a woman wearing a cat shoe.,shoe,cat,000000077355.jpg,11,10,401870
A man climbing a ladder on to an airplane in flight from a motorcycle.,motorcycle,airplane,000000408016.jpg,14,9,829630
A dog herding sheep in a grassy meadow.,sheep,dog,000000290269.jpg,5,2,222963
The living room contains a dog and a cat.,cat,dog,000000220053.jpg,9,6,3108
A boat is traveling on a river past a cow that is in the water.,boat,cow,000000143974.jpg,2,10,510925
This bathroom is small and has a toilet and a sink,toilet,sink,000000539026.jpg,8,11,145599
a person sitting at a table with plate of food outdoors,person,plate,000000360073.jpg,2,8,192037
White bathroom sink with a wooden mirror above it. ,mirror,sink,000000227241.jpg,7,3,168340
"A man in a trench coat, hat, and carrying an umbrella pointing to the shirt collar of another man.",umbrella,hat,000000147346.jpg,13,8,659282
Shot of person's feet wearing heels while standing on a toilet.,person,toilet,000000072746.jpg,3,12,186017
a person sitting on a bench while the rest look somehwere else,person,bench,000000227226.jpg,2,6,740963
An alarm clock is next to a remote control.,clock,remote,000000521222.jpg,3,8,309341
The small bathroom has a small sink and a toilet.,toilet,sink,000000162677.jpg,10,7,297682
a person wearing a tie with bottles on it,tie,person,000000093106.jpg,5,2,467897
An old teddy bear sitting on a chair leaning against the side,chair,bear,000000236740.jpg,8,4,6280
"A shirt, stuffed animal, book and pillows on top of a bed.",bed,book,000000169181.jpg,14,7,627175
The baby girl is eating a banana while sitting in her chair. ,chair,banana,000000090516.jpg,12,7,376210
People sitting on a park bench with a dog and baby stroller.,bench,dog,000000223888.jpg,6,9,19176
A motorcycle parked along a road with a truck driving by.,motorcycle,truck,000000094416.jpg,2,9,245283
"Broccoli, carrots, and noodles with peppers on a plate.",broccoli,plate,000000018785.jpg,1,11,31532
The bathroom has a dirty sink and white toilet,toilet,sink,000000430035.jpg,9,6,788700
a bathroom that has a toilet and a sink,toilet,sink,000000079193.jpg,6,9,726199
a person cutting a slice out of a large pizza ,person,pizza,000000258832.jpg,2,10,815377
A black and white cat sitting on top of a bed next to a cell phone.,bed,cat,000000163831.jpg,11,5,95746
A classic red car is sitting on a boat.,boat,car,000000382466.jpg,9,4,746972
A carrot cake with a cookie on top.,carrot,cake,000000232543.jpg,2,3,536133
A sandwich and a side salad are on a white plate.,sandwich,plate,000000421298.jpg,2,11,32909
A close-up of a cheese pizza on a plate.,pizza,plate,000000248402.jpg,8,11,132141
A sheep dog herds cattle in the field.,sheep,dog,000000456979.jpg,2,3,158950
person in a bear costume holding hands with woman,bear,person,000000010082.jpg,4,1,827221
A person on a motorcycle in traffic with cars,motorcycle,person,000000163474.jpg,5,2,373935
A young man wearing a white hat and sneakers doing a trick with his skateboard.,hat,skateboard,000000049069.jpg,7,15,739246
A boy with a three wheeled bicycle and this dog,bicycle,dog,000000127134.jpg,8,11,278355
some cars a truck a police car and some trees,truck,car,000000068125.jpg,4,7,647817
A grey cat sitting on car with trees in background.,cat,car,000000136123.jpg,3,6,802285
A young girl with a piece of pizza on a white plate,pizza,plate,000000328596.jpg,8,12,144140
A laptop computer sitting on top of a bed.,bed,laptop,000000477474.jpg,10,2,608288
Several trays of pizza surrounding a large cake.,cake,pizza,000000296544.jpg,8,4,393585
A marbled apple waiting to be sliced by a paring knife,apple,knife,000000036059.jpg,4,13,317832
"Colorful pasta dish on white plate including shrimp, carrots and broccoli.",broccoli,plate,000000365168.jpg,12,6,90428
A reclining lounge chair mounted on a bicycle.,chair,bicycle,000000002664.jpg,5,9,118063
A family is sitting on a bench while a dog lays in the road.,bench,dog,000000436288.jpg,7,10,78457
A man stares at his cat on the bathroom sink.,cat,sink,000000294943.jpg,6,10,39626
A young man eating a donut breakfast sandwich.,donut,sandwich,000000163197.jpg,6,8,566202
A photo of a clock in a train station.,train,clock,000000277550.jpg,8,5,225295
A black dog holding a red and green frisbee in it's mouth.,frisbee,dog,000000321810.jpg,9,3,518703
A dog licking his lips after tearing into a heeled shoe. ,shoe,dog,000000355761.jpg,12,2,23200
a boy sitting on a bench with a large backpack in front of him,backpack,bench,000000319605.jpg,10,6,263428
Dog and book in the foreground with other dogs in the background outside.,dog,book,000000022879.jpg,1,3,57919
An orange cat is has his head down,orange,cat,000000281213.jpg,2,3,112215
a first person view of A man with his feet up is watching a tv.,person,tv,000000278230.jpg,3,15,737401
A living room with chair and coffee table and a zebra patterned rug. ,chair,zebra,000000535874.jpg,5,11,212221
A lady laying across a bed on a laptop.,bed,laptop,000000221378.jpg,6,9,13174
A black and white photo of a person sitting looking out the window.,person,window,000000269234.jpg,8,13,69270
A vase of flowered branches sitting on a chair in a backyard.,chair,vase,000000472399.jpg,10,2,21911
There are two monitors and one laptop on the corner desk.,desk,laptop,000000227497.jpg,11,7,182087
A female looking out of a bus window at several giraffes. ,bus,window,000000360283.jpg,7,8,729152
Inside bathroom with a large clock face on the mirror.,mirror,clock,000000430287.jpg,10,6,448900
Person holding an umbrella in the shape of a frog. ,person,umbrella,000000436555.jpg,1,4,305746
A man in green jacket and striped tie waring a black hat.,tie,hat,000000111573.jpg,8,13,359377
Golden lab with smile sitting in the bed of a red pickup truck.,bed,truck,000000166995.jpg,8,13,65410
A small stuffed teddy bear sitting on a vase.,bear,vase,000000380299.jpg,5,9,494283
A person wearing a helmet rides a motorcycle.,motorcycle,person,000000223335.jpg,8,2,356362
A man in black jacket next to red motorcycle and orange van.,orange,motorcycle,000000546388.jpg,11,9,357231
Someone reading a book a bed with 3 cats laying around them.,bed,book,000000388348.jpg,6,4,715126
A cat laying inside of a suitcase with clothes.,cat,suitcase,000000333368.jpg,2,7,153703
A dog with its head sticking out of the window of a building looking towards the camera.,dog,window,000000282155.jpg,2,10,531483
A laptop computer sitting on a desk next to a desktop computer.,desk,laptop,000000217893.jpg,8,2,51488
There is a black car parked and a train passing in front of it,train,car,000000097998.jpg,9,5,91107
A bathroom with a large mirror over a bathroom sink.,mirror,sink,000000303537.jpg,6,10,222173
A woman holding a suitcase in front of man on a ramp to a boat.,suitcase,boat,000000348680.jpg,5,15,294795
A red car is parked next to a black truck.,truck,car,000000227484.jpg,10,3,360589
A woman in a hat laying back on a bench.,bench,hat,000000343257.jpg,10,5,96376
"A vase, picture and a bird statue on a table. ",vase,bird,000000347967.jpg,2,7,33575
a white dog on a chair looking a round,chair,dog,000000009904.jpg,6,3,722888
there is a very tall piece of cake that is on this plate,cake,plate,000000364911.jpg,8,13,817586
A person on a motorcycle sits on the side of the road.,motorcycle,person,000000094681.jpg,5,2,368019
A laptop on a desk with field notes,desk,laptop,000000078394.jpg,5,2,330928
A lighted candle on a desk with a clock and other items.,clock,desk,000000190945.jpg,9,6,54334
A white plate topped with a breakfast sandwich and has browns.,sandwich,plate,000000426146.jpg,8,3,446315
A cat stares at the action on a TV.,cat,tv,000000573726.jpg,2,9,235189
A person in the motion of stepping on a banana peal on the side of the road. ,person,banana,000000364097.jpg,2,10,43489
Hot dog with green topping sitting in a plate with a napkin. ,dog,plate,000000313399.jpg,2,9,267504
a bath room with a toilet and a sink,toilet,sink,000000167599.jpg,6,9,817794
a man standing next to a chair in the back of a truck,chair,truck,000000439306.jpg,7,13,600527
"A collection of meat, cheese, broccoli and jelly on an odd plate.",broccoli,plate,000000399618.jpg,8,14,252859
A person standing in a room next to a cake.,person,cake,000000438496.jpg,2,10,338405
A person on a horse standing in a dirt field.,horse,person,000000554138.jpg,5,2,425235
A cat curled up in a ceramic bowl on a kitchen table,cat,bowl,000000224168.jpg,2,8,538444
a white chair with a pair of orange scissors ,orange,chair,000000281122.jpg,8,3,424122
A black cat taking a drink out of a bright blue cup.,cat,cup,000000261333.jpg,3,12,269365
"A table with decorative objects on it, and a mirror that reflects a bed with colorful pillows",bed,mirror,000000344276.jpg,15,11,286328
a giraffe a zebra and some other animals,giraffe,zebra,000000538006.jpg,2,4,84090
A cat laying down with a can and a remote.,cat,remote,000000429040.jpg,2,10,241800
A dog is chasing after three running sheep.,sheep,dog,000000432038.jpg,8,2,517797
A clock attached to a building is shaped like a coffee cup.,cup,clock,000000064822.jpg,12,2,638429
A vase with a few large sticks in it next to a sink. ,vase,sink,000000040866.jpg,2,13,527252
a person laying on a surfboard in the ocean ,person,surfboard,000000452814.jpg,2,6,623664
The giraffe is standing under a umbrella. ,giraffe,umbrella,000000052360.jpg,2,7,582278
A bird sitting on the edge of a cup being held by someone's hand. ,cup,bird,000000437240.jpg,9,2,511876
A black and white dog catching a frisbee.,frisbee,dog,000000536112.jpg,8,5,561149
A glass plate topped with a sandwich and a salad next to fries.,sandwich,plate,000000469880.jpg,7,3,387232
"A close up of vegetables includes broccoli, carrot, and a turnip on a wooden board.",carrot,broccoli,000000050910.jpg,9,7,304884
A white plate holding a pizza with cheese and sauce.,pizza,plate,000000341411.jpg,6,3,388058
A slice of a chocolate cake on a paper plate.,cake,plate,000000190177.jpg,6,10,135437
a person flying a kite in the air in the water at a beach,person,kite,000000359977.jpg,2,5,114712
A person is standing in front a fence with an umbrella.,person,umbrella,000000332923.jpg,2,11,369090
Two women sitting at a table with a bowl of salad and a plate with hotdog.,bowl,plate,000000203112.jpg,9,14,357249
A picture of a tabby cat wearing a small tie for sale.,tie,cat,000000172020.jpg,10,6,245147
A green flower vase holding bright orange flowers.,orange,vase,000000289987.jpg,7,4,343655
a cup of coffee sits next to a panini sandwich on a counter,cup,sandwich,000000047720.jpg,2,10,829317
A bed covered in overstuffed comforters and pillows sits next to a window.,bed,window,000000431750.jpg,2,15,133898
A cute black and white dog laying on a bed.,bed,dog,000000119581.jpg,10,6,256323
"A person sitting on a bench, looking at a field and skyline.",person,bench,000000321382.jpg,2,6,706485
A girl stretches her legs above her head while a cat and dog look on.,cat,dog,000000124122.jpg,11,13,688446
a bath room with a toilet a shower and a mirror,mirror,toilet,000000561988.jpg,11,6,330545
a person that is standing up holding a snowboard,person,snowboard,000000117403.jpg,2,9,797582
"a bathroom with a sink, toilet and some towels",toilet,sink,000000358825.jpg,7,5,280811
a white dog with a collar with a red frisbee,frisbee,dog,000000388434.jpg,10,3,403012
a woman wearing eye glasses and a hat and holding an umbrella,umbrella,hat,000000239828.jpg,12,8,283408
"A person flies a kite on a large brown plain in a blue, cloud-bedecked sky.",person,kite,000000496092.jpg,2,5,23859
A large train station with a massive clock mounted to it's wall.,train,clock,000000416095.jpg,3,8,95237
A small elephant standing next to a white bird.,elephant,bird,000000046761.jpg,3,9,260748
A boy touches a frog on an orange Frisbee.,orange,frisbee,000000153013.jpg,8,9,66827
A person a snowboard in the air doing a trick.,person,snowboard,000000574343.jpg,2,4,181124
A young person who is riding a good wave on a surfboard. ,person,surfboard,000000075783.jpg,3,12,442942
"A sink, toilet and tub in a small hotel bathroom.",toilet,sink,000000124133.jpg,4,2,304799
A laptop sitting on a table in the middle of a desk.,desk,laptop,000000031016.jpg,12,2,745730
A black cat lies atop a suitcase with a dresser in the background.,cat,suitcase,000000045830.jpg,3,7,45135
A wedding cake is topped with a bride and groom and train sculpture.,train,cake,000000416149.jpg,12,3,144678
A big dog laying on a woman while she lays on a couch. ,couch,dog,000000221840.jpg,13,3,606546
A plate of stir fried vegetables has a fork in it.,fork,plate,000000282070.jpg,9,2,11015
A chair and umbrella on a sandy beach.,chair,umbrella,000000490443.jpg,2,4,277881
A woman is holding a dog while on the couch.,couch,dog,000000133690.jpg,10,6,63102
A cow and a horse stare at the camera.,horse,cow,000000060599.jpg,5,2,534335
A baby sitting in a highchair eating piece of cake.,chair,cake,000000461870.jpg,7,11,435761
"A bowl of vegetable soup, with a spoon and chopsticks.",spoon,bowl,000000451409.jpg,9,2,346373
Fish sticks and broccoli on a white and blue plate.,broccoli,plate,000000446036.jpg,4,10,629093
A small cat standing underneath an umbrella on a table.,cat,umbrella,000000249952.jpg,3,7,712463
a mirror on the wall showing a reflection of train and a wall,train,mirror,000000264957.jpg,10,2,78732
there is a small dog that is walking besides a large horse,horse,dog,000000102915.jpg,12,5,677125
there is a drawing on a window of a bus,bus,window,000000192764.jpg,10,7,450371
A brown and white dog standing next to a white and gray cat.,cat,dog,000000190572.jpg,13,5,131683
A woman in a short skirt holding a plate filled with cake.,cake,plate,000000552472.jpg,12,9,137322
Bench and window with shutters with bricked wall,bench,window,000000197941.jpg,1,3,377082
"A dog's head resting on an upholstered arm, next to a laptop computer.",laptop,dog,000000038616.jpg,15,2,89727
A person laying on crate on the back of an elephant.,elephant,person,000000006873.jpg,11,2,349901
A full view of a teddy bear sitting on the small chair. ,chair,bear,000000296859.jpg,12,7,491617
A teddy bear cake with a candle and sparklers.,bear,cake,000000061647.jpg,3,4,694349
an orange trolley car sitting on the side of the road,orange,car,000000203110.jpg,2,4,592557
Toy bear in a Santa costume sitting next to a window. ,bear,window,000000494072.jpg,2,11,25443
A crowd is watching a dog with a frisbee.,frisbee,dog,000000191280.jpg,9,6,383952
a close up of a dog laying on a bed with pillows,bed,dog,000000214518.jpg,10,6,483850
a white dog is sleeping on the couch,couch,dog,000000393857.jpg,8,3,589643
a person jumping a skateboard in the air,person,skateboard,000000014244.jpg,2,5,363839
a half eaten slice of pizza on a plate,pizza,plate,000000446006.jpg,6,9,21567
A person is in the water with a kite.,person,kite,000000107683.jpg,2,9,288294
"A bathroom with floral wallpaper, a vanity mirror and sink.",mirror,sink,000000272385.jpg,9,11,165610
A hot dog sits on a plate of food.,dog,plate,000000315278.jpg,3,7,763884
Two cats sleep on top of a laptop keyboard.,laptop,keyboard,000000092480.jpg,8,9,694822
"A white bathroom with a white sink, toilet and bathtub.",toilet,sink,000000371997.jpg,9,7,323507
A mouse not connected to anything sitting on top of a keyboard.,mouse,keyboard,000000183980.jpg,2,12,742684
A dog sleeps in the window of a building covered in ivy.,dog,window,000000205531.jpg,2,6,303429
a person laying in a bed with two dogs ,bed,person,000000075768.jpg,6,2,569237
"A man on skis wears orange boots, a green jacket and a yellow backpack.",orange,backpack,000000420775.jpg,6,15,633301
A person in a field flying a kite.,person,kite,000000012497.jpg,2,8,285702
Man riding orange and black motorcycle tilted to the side.,orange,motorcycle,000000429266.jpg,3,6,204522
A cat laying on top of a laptop computer.,cat,laptop,000000040419.jpg,2,8,540728
A dog laying in the grass under the bumper of a car.,dog,car,000000459712.jpg,2,12,134998
A large knife slicing a cake covered in coconut.,cake,knife,000000285358.jpg,7,3,814110
a black cat in a book shelf near a corner ,cat,book,000000278086.jpg,3,6,115324
A person's left hand holding a hot dog with mustard.,person,dog,000000045283.jpg,2,9,721154
"A picture of toilet, wash basin and mirror in small bathroom.",mirror,toilet,000000333583.jpg,9,4,371922
Looking out the window past a modern office desk ,desk,window,000000254420.jpg,9,4,471949
A person sitting in the snow with a snowboard at the top of a black diamond run.,person,snowboard,000000526554.jpg,2,9,227077
A gray and white cat laying in a bathroom sink.,cat,sink,000000482841.jpg,5,10,403177
A plate with a cake on it next to pears.,cake,plate,000000440528.jpg,5,2,531240
Red bus with label of SPECIAL showing on top with door open.,door,bus,000000507603.jpg,11,2,534178
A small pizza on a plate that is sitting on a checkered table cloth.,pizza,plate,000000518267.jpg,3,6,760871
A woman is laying on a couch while a dog plays with a toy.,couch,dog,000000032491.jpg,7,10,417366
Two women in black shirts using mirror and toothbrush.,mirror,toothbrush,000000388662.jpg,7,9,388375
A dog sitting on a skateboard near two people. ,dog,skateboard,000000155117.jpg,2,6,597610
"On a beige couch, a young man and older woman admire a cake on a coffee table.",couch,cake,000000462138.jpg,4,14,374108
A clock sitting on the ledge of a window.,clock,window,000000085750.jpg,2,9,743027
A person is curled up inside a suitcase. ,person,suitcase,000000087642.jpg,2,8,413675
A banana peel laying next to a glass bottle.,bottle,banana,000000510275.jpg,9,2,663687
Whole pizza served on a plate with vegetables,pizza,plate,000000176194.jpg,2,6,14661
a person in fancy clothes rides on a horse ,horse,person,000000235443.jpg,9,2,543269
A sandwich with meat and sauce on a plate.,sandwich,plate,000000496324.jpg,2,9,30643
Person on skateboard in mid air with color lights above. ,person,skateboard,000000360082.jpg,1,3,813768
A dog is standing on a miniature motorcycle.,motorcycle,dog,000000325969.jpg,8,2,353546
A cat sitting beside a wicker suitcase in front of some clothes. ,cat,suitcase,000000006730.jpg,2,7,619982
"A kitchen area with table, refrigerator, stove and sink.",refrigerator,sink,000000221753.jpg,7,11,359260
An infant is sitting in a highchair with a small cake placed on the tray.,chair,cake,000000421564.jpg,8,12,498522
a stuffed cow on a bed with a can of wipes,bed,cow,000000354410.jpg,6,3,292969
A child is eating a piece of pizza on an outdoor bench.,bench,pizza,000000164128.jpg,12,8,791143
A white sink sitting under a bathroom mirror.,mirror,sink,000000049190.jpg,8,3,588060
there is a dog lying in the bed ,bed,dog,000000177913.jpg,8,4,475335
PERSON RUNNING DOWN A DIRT ROAD WITH A KITE,person,kite,000000301443.jpg,1,9,125890
Two men standing in the street next to a green and white pickup truck near a red motorcycle. ,motorcycle,truck,000000045923.jpg,18,14,383931
a person on a beach with a kite flying in the sky ,person,kite,000000322804.jpg,2,8,219499
A young boy standing in front of a red race car bed.,bed,car,000000046306.jpg,12,11,567466
A person on a surfboard in the water.,person,surfboard,000000035008.jpg,2,5,384376
A spatula scoops a slice of pizza onto a plate. ,pizza,plate,000000382971.jpg,9,12,750591
a dog that has jumped into the air with a red Frisbee in his mouth,frisbee,dog,000000253988.jpg,12,2,805200
"A small washroom with a sink, toilet, and hand rail.",toilet,sink,000000270295.jpg,9,7,10542
A piece of half-eaten cake sits on a plate.,cake,plate,000000080357.jpg,7,11,196687
A zebra with its head down and a giraffe in the background eating from a tree,giraffe,zebra,000000544975.jpg,9,2,46440
A bird eats from a cereal bowl at the table.,bowl,bird,000000388905.jpg,7,2,446645
A person on a snowboard jumps over a sign,person,snowboard,000000458637.jpg,2,5,561492
"A kitchen with a microwave, refrigerator, and dishwasher.",refrigerator,microwave,000000125821.jpg,7,5,128566
A person riding a bike down the road while balancing a skateboard on the handlebar of the bike.,person,skateboard,000000315564.jpg,2,12,223191
this is a boat docked with a bird sitting on it,boat,bird,000000056562.jpg,4,8,536227
A boat is sailing in the ocean and an airplane and helicopter are flying overhead.,boat,airplane,000000120806.jpg,2,10,257795
A tasty looking sandwich near a cup of coffee.,cup,sandwich,000000519482.jpg,7,4,465260
an orange and white cat is sleeping on some sandals,orange,cat,000000195333.jpg,2,5,305669
A train is carrying a white car off on the tracks. ,train,car,000000223288.jpg,2,7,297780
There is a person sitting on a cell phone near a pizza.,person,pizza,000000544120.jpg,4,12,250896
Broccoli on a cutting board with a knife on a table.,knife,broccoli,000000558809.jpg,8,1,52273
The dog is sitting behind the steering wheel in the car. ,dog,car,000000433619.jpg,2,11,767112
A grey and white cat sticking its head into a toilet.,cat,toilet,000000463066.jpg,5,11,344884
A gray cat looks at its reflection in a mirror with a decorative wooden frame.,cat,mirror,000000220266.jpg,3,10,532727
Black and white cat on the hood of a police car parked on a street.,cat,car,000000222929.jpg,4,11,179313
A person lying on the ground posing with a snowboard.,person,snowboard,000000152502.jpg,2,10,246161
A person with a cooking apron and their hand on a pizza crust.,person,pizza,000000363146.jpg,2,12,156134
A person is holding something next to an open microwave.,person,microwave,000000179322.jpg,2,10,304153
A girl sitting on a bed is using a laptop.,bed,laptop,000000226374.jpg,6,10,564159
An uneaten meal on a plate with a bowl of fruit.,bowl,plate,000000258270.jpg,10,7,49430
A person picking a piece of pizza from the pie.,person,pizza,000000578031.jpg,2,7,317315
A plate topped with orange slices and eating utensil.,orange,plate,000000562897.jpg,5,2,218195
a silver laptop a bed some blankets and a wooden floor,bed,laptop,000000064186.jpg,5,3,647473
A person is riding a snowboard down a pipe.,person,snowboard,000000318396.jpg,2,6,690470
a plate with a vegetable sandwich and a glass of milk,sandwich,plate,000000495528.jpg,6,2,577026
A tan and white dog wearing a red collar in a car.,dog,car,000000225268.jpg,5,12,177348
A person is riding a horse around a dressage course.,horse,person,000000328163.jpg,6,2,644445
A WOODEN BENCH ON THE SIDE WALK ACROSS FROM A RED CAR.,bench,car,000000391410.jpg,3,12,390756
A chicken sandwich and sweet potato fries on a plate.,sandwich,plate,000000017152.jpg,3,10,141453
A large piece of pizza on a white plate next to a glass of wine.,pizza,plate,000000495915.jpg,5,9,518329
A dog is jumping up as a Frisbee flies through the air. ,frisbee,dog,000000548331.jpg,8,2,509887
"On a table sits a pizza, a glass and bottle of wine.",bottle,pizza,000000276146.jpg,11,6,243819
A person on a skateboard is riding on a ramp.,person,skateboard,000000155192.jpg,2,5,250765
"A pear, a banana, some peaches, and an orange on a platter.",orange,banana,000000575916.jpg,12,5,138999
a person standing in a kitchen with a stove and a dog,person,dog,000000239881.jpg,2,12,330588
A person uses a kite to ski on the ocean.,person,kite,000000543600.jpg,2,5,511918
A boy with a hat and face mask on while standing on a snowboard. ,hat,snowboard,000000574537.jpg,5,14,513684
A teddy bear sitting on the floor in front of the window.,bear,window,000000123509.jpg,3,12,285315
A plate of food and a bottle on a table.,bottle,plate,000000259087.jpg,7,2,433855
a person on a toilet in a bath room,person,toilet,000000002703.jpg,2,5,419094
A person standing by a field with a large chair.,chair,person,000000572358.jpg,10,2,563010
a person wearing a suit and tie next to a woman in a dress,tie,person,000000232676.jpg,7,2,417095
A cat looks out a window facing the outside of a house.,cat,window,000000565009.jpg,2,6,11699
A man walking a dog down a road while holding an umbrella.,umbrella,dog,000000170517.jpg,12,5,625499
A person is riding a motorcycle on a race track.,motorcycle,person,000000550007.jpg,6,2,314601
A little dog is in a motorcycle leather case.,motorcycle,dog,000000494642.jpg,7,3,415173
This train is orange and blue and is at the station,orange,train,000000178423.jpg,4,2,283542
a close up of a person holding a slice of pizza ,person,pizza,000000548976.jpg,6,11,47141
a cat lying in bed staring outside in the sunlight. ,bed,cat,000000233970.jpg,5,2,508395
A person does a skateboard trick very close to the camera. ,person,skateboard,000000564328.jpg,2,5,370919
An elephant standing beside a person sitting down. ,elephant,person,000000151970.jpg,2,6,516042
A cat sitting next to an empty plate.,cat,plate,000000443984.jpg,2,8,58976
A dog in a field with a Frisbee in its mouth.,frisbee,dog,000000181894.jpg,8,2,309855
The kitten was sleeping on the desk behind the keyboard.,desk,keyboard,000000518026.jpg,7,10,631537
"A man in a coat and tie with a big, goofy hat.",tie,hat,000000178811.jpg,7,13,613562
A bowl of batter sitting on a table next to a banana peel and a napkin.,bowl,banana,000000511828.jpg,2,12,285497
A cat is sitting on an unmade bed. ,bed,cat,000000113649.jpg,9,2,617324
"There is plenty of cake left, but only one donut.",donut,cake,000000456761.jpg,11,5,4431
A small car is pulling a man on a bicycle.,bicycle,car,000000074299.jpg,10,3,387024
a close up of a plate of food with broccoli,broccoli,plate,000000012231.jpg,10,6,231518
A man with a large bear wearing a brown hat.,bear,hat,000000458935.jpg,6,10,402818
An office with a computer desk and a musical keyboard.,desk,keyboard,000000223540.jpg,7,11,522592
The truck has a empty flat bed in back. ,bed,truck,000000073276.jpg,7,2,238201
The clock with a bird statue on top is ticking. ,clock,bird,000000303133.jpg,2,5,235072
a pizza on a plate on a table ,pizza,plate,000000217113.jpg,2,5,486604
A person stepping onto a snowboard in the snow,person,snowboard,000000180983.jpg,2,6,125568
A white plate with a bbq sandwich on it.,sandwich,plate,000000221914.jpg,7,3,661493
A cat sitting on a shelf in a refrigerator.,cat,refrigerator,000000312577.jpg,2,9,327784
A dog sits in its owners lap at the computer desk,desk,dog,000000372555.jpg,12,2,53990
A airplane in the sky with a bear on the wing.,bear,airplane,000000436895.jpg,8,2,779974
a close up of a cat with a cup on the ground ,cat,cup,000000169197.jpg,6,9,609560
A cute little cat sitting and watching a large TV.,cat,tv,000000283720.jpg,4,10,340000
Two people are laying in bed watching TV,bed,tv,000000078263.jpg,6,8,101735
Little white fluffy dog sits on someone's lap with a laptop in the background.,laptop,dog,000000363341.jpg,12,4,361712
A dog laying on its back in a bed.,bed,dog,000000159444.jpg,9,2,317690
People riding in a wagon pulled by a horse while a dog walks beside them on the road. ,horse,dog,000000330486.jpg,9,12,414820
A dog lying on a couch while wearing a collar.,couch,dog,000000267560.jpg,6,2,24158
A large piece of cheese pizza sitting on top of a white plate.,pizza,plate,000000175236.jpg,6,13,155390
a person standing on a surfboard with one leg while riding a wave.,person,surfboard,000000460997.jpg,2,6,65208
A woman with a laptop in her lap as she sits beside a bed.,bed,laptop,000000523964.jpg,14,5,738315
A woman sitting on a bench next to a  large dog.,bench,dog,000000286302.jpg,6,11,585050
A pizza box sitting on top of a wooden bench.,bench,pizza,000000306037.jpg,10,2,572259
A bed sitting in a bedroom next to a window.,bed,window,000000074601.jpg,2,10,730540
A bus turning a corner at an intersection near a motorcycle. ,motorcycle,bus,000000167996.jpg,11,2,599732
Small pizza slice sitting on top of a white plate. ,pizza,plate,000000323399.jpg,2,10,250383
A walk in shower sitting next to a toilet next to a sink.,toilet,sink,000000014385.jpg,9,13,380368
A teddy bear resting his head on a pillow in a bed.,bed,bear,000000147216.jpg,12,3,400087
A horse looking out a window in a brick building ,horse,window,000000243331.jpg,2,6,500137
A vase with flowers sits on a window sill.,vase,window,000000229255.jpg,2,8,9946
A man wearing a top hat and a suit and tie.,tie,hat,000000473464.jpg,11,6,202045
A motorcycle with a side car in a warehouse.,motorcycle,car,000000543058.jpg,2,6,330864
A hot dog and fries with several condiments are on a plate.,dog,plate,000000134223.jpg,3,14,187564
"Two zebra stand near an elephant, and a herd of water buffalo.",elephant,zebra,000000031569.jpg,6,2,579782
A person and a cat sitting in a room.,cat,person,000000087738.jpg,5,2,559035
A cat looking at itself in a mirror ,cat,mirror,000000195886.jpg,2,8,550225
White mouse sitting on a round pad next to a cup of coffee. ,cup,mouse,000000513351.jpg,11,2,211839
there is a sandwich that is on a plate and cut in half,sandwich,plate,000000277346.jpg,4,9,688011
Several bear figurines on display in front of a clock.,bear,clock,000000381350.jpg,2,11,55217
"There is cereal with milk in a bowl, fruit and bread on a plate and a drink in a mug. ",bowl,plate,000000509654.jpg,8,15,431391
Raggedy Ann doll sitting in a chair with a pooh bear.,chair,bear,000000382857.jpg,9,13,45334
A woman holding a bottle of beer and a plate with chips and a hotdog on it.,bottle,plate,000000197888.jpg,5,10,270521
a close up of a person holding a sandwich,person,sandwich,000000191218.jpg,6,9,445715
A red and yellow train car passing on a highway.,train,car,000000534480.jpg,5,6,184591
A woman with sunglasses sits in a chair with an umbrella in a cave.,chair,umbrella,000000464317.jpg,8,11,443657
The bathroom door is open and the toilet seat is up with no toliet paper. ,door,toilet,000000375544.jpg,3,8,489663
A person is riding an elephant in the water.,elephant,person,000000554171.jpg,6,2,181308
A woman and dog on a surfboard in water.,surfboard,dog,000000410056.jpg,7,4,195850
A person with a umbrella on a city street.,person,umbrella,000000478805.jpg,2,5,644687
some old train cars and some weeds one car red the other blue,train,car,000000208898.jpg,3,9,303598
A room where you can see the person taking the picture in the mirror.,person,mirror,000000493365.jpg,8,14,71335
a kitchen with a double sink a refrigerator and a counter top,refrigerator,sink,000000217252.jpg,8,6,107350
An electric spinning toothbrush stands in front of a mirror which shows its reflection.,mirror,toothbrush,000000441876.jpg,10,4,105789
a person with there head down on a bench.,person,bench,000000440136.jpg,2,9,737802
a white bathroom with a tub sink and mirror,mirror,sink,000000048892.jpg,9,7,305096
A small pug dog wearing a pink harness and an orange tag.,orange,dog,000000318467.jpg,11,4,266930
Small white toilet with a small window above it. ,toilet,window,000000162589.jpg,3,7,172533
a bath room with a toilet and a mirror ,mirror,toilet,000000006178.jpg,9,6,561135
A small white cat lying on a white bed.,bed,cat,000000359574.jpg,9,4,179144
 an orange and black tour bus driving down a dirt backroad,orange,bus,000000030508.jpg,2,6,247748
A cat laying on a bed that has sheets and pillows on it.,bed,cat,000000017560.jpg,6,2,647174
a dog is pulling on a frisbee with its owner,frisbee,dog,000000475380.jpg,7,2,528785
"The depot of a train station has a bench, parking, and fencing.",train,bench,000000139712.jpg,5,9,136438
Dog laying across a personal pillow with a hat on its head.,hat,dog,000000058443.jpg,9,1,662984
A bird perched on a tree branch near a half eaten apple.,apple,bird,000000418685.jpg,12,2,303398
A bird is perched on a park bench.,bench,bird,000000391029.jpg,8,2,738687
A cat sitting in front of a TV with animals on the screen.,cat,tv,000000313665.jpg,2,8,126593
"A white bathroom sink, white toilet and tub",toilet,sink,000000334170.jpg,7,4,313567
A laptop on a desk with a carton of milk sitting next to it.,desk,laptop,000000163185.jpg,5,2,523782
A bicycle near a building with signs and a window,bicycle,window,000000255232.jpg,2,10,739919
A motorcycle and bicycle in front of a house.,motorcycle,bicycle,000000220843.jpg,2,4,208159
Looking down at a wet zebra from a truck,zebra,truck,000000429491.jpg,6,9,187301
A desk with a computer keyboard and a monitor.,desk,keyboard,000000503826.jpg,2,7,734195
A silver knife cutting into a green apple.,apple,knife,000000472865.jpg,8,3,797832
A chocolate train-shaped cake at a children's birthday party.,train,cake,000000012681.jpg,3,6,669069
"A pizza with meat, cheese and greens on a metal plate.",pizza,plate,000000051525.jpg,2,12,721791
A boy eats a sandwich in the backseat of a car. ,sandwich,car,000000118612.jpg,5,11,169524
a person that is flying some kind of kite,person,kite,000000053806.jpg,2,9,814068
A dog trying to catch a red frisbee on a lush green field.,frisbee,dog,000000055296.jpg,8,2,428113
A person performing skateboarding tricks on a skateboard ramp.,person,skateboard,000000218802.jpg,2,8,755634
a cantaloupe on a counter top with a tv remote,tv,remote,000000513513.jpg,12,13,105738
A vintage car with surfboards fastened on top sits parked on the grass.,surfboard,car,000000438560.jpg,5,3,590671
An antique car is parked next to a very old airplane.,airplane,car,000000451202.jpg,11,3,184269
The motorcycle has a pizza box on the back of it.,motorcycle,pizza,000000557771.jpg,2,5,133105
A park bench with a blanket and cup of coffee.,cup,bench,000000018555.jpg,8,3,797271
A person flying a kite while on a grassy slope.,person,kite,000000323668.jpg,2,5,265701
"A girl riding her bike down the sidewalk being followed by another young person, with a kite in the air behind her.",person,kite,000000030395.jpg,14,18,649513
A cat sleeping on a large chair in the living room. ,chair,cat,000000237772.jpg,7,2,466428
An old refrigerator with duct tape all over it sits in a pile of trash with an old wicker chair on top of it.  ,chair,refrigerator,000000027104.jpg,20,3,434336
"Brush, books, bag, umbrella and couple of other items laid out on the bed",bed,umbrella,000000298564.jpg,17,7,388939
A piece of cake covered in whipped cream sitting on top of a plate.,cake,plate,000000054082.jpg,4,14,750282
"A Happy Birthday cake with strawberries, a teddy bear, and two candles.",bear,cake,000000502557.jpg,10,4,249854
"Three people, one in uniform wearing a hat, are holding a sword above a birthday cake.",cake,hat,000000347144.jpg,18,9,155887
A woman with a slice of pizza in a plate.,pizza,plate,000000559836.jpg,7,10,329976
A dog wearing a life vest on a surfboard in the water,surfboard,dog,000000362175.jpg,9,2,504798
A person riding waves on the river created by boat.,person,boat,000000337647.jpg,2,10,107991
A plate holding and pizza made from a tortilla.,pizza,plate,000000565201.jpg,5,2,259392
A boy on a skateboard hangs over the edge of a skate bowl.,bowl,skateboard,000000105504.jpg,13,5,783560
A cat sits in the sink of a bathroom.,cat,sink,000000447885.jpg,2,6,442416
Adult multi colored cat lying in white porcelain sink. ,cat,sink,000000306677.jpg,4,9,258129
Several people on horses with a train car in the background. ,train,car,000000284355.jpg,7,8,36678
A fluffy cat wearing a whit knitted hat.,cat,hat,000000306554.jpg,3,8,221630
A baby is sleeping on a bed next to an empty bottle and some toys.,bed,bottle,000000339986.jpg,7,12,214473
A person on a skateboard is performing a trick in the air.,person,skateboard,000000104885.jpg,2,5,206716
A small gray and brown dog sitting inside of an oven.,oven,dog,000000161740.jpg,11,6,124051
Cop using a dog to sniff out drugs in a truck,truck,dog,000000159963.jpg,11,4,376640
A dog laying in the grass with its paw on a Frisbee.,frisbee,dog,000000017171.jpg,12,2,724594
Four men using a knife to cut a cake.,cake,knife,000000229896.jpg,9,5,169927
A tie that has a picture of a car on it.,tie,car,000000309519.jpg,2,9,249463
To cat standing on the back part of the car. ,cat,car,000000264473.jpg,2,10,773379
Tree twig in glass bottle sitting on a window sill,bottle,window,000000474970.jpg,6,10,185483
A man riding a skateboard through a bowl in a skatepark.,bowl,skateboard,000000471995.jpg,8,5,21388
A pizza on a plate on a wooden surface,pizza,plate,000000265014.jpg,2,5,410672
A person riding a motorcycle down a street at sunset.,motorcycle,person,000000472814.jpg,5,2,688963
a dog and a cat are laying down together,cat,dog,000000053289.jpg,5,2,540109
A person is speeding on a motorcycle on the track,motorcycle,person,000000081416.jpg,7,2,33166
a bowl of potato chips and dip a plate of donuts and other foods,bowl,plate,000000097778.jpg,2,9,630327
A person on the beach flying a kite. ,person,kite,000000449676.jpg,2,8,535290
A man walks a dog near a large bus.,bus,dog,000000236075.jpg,9,5,764678
A person on a skateboard does a trick on stairs.,person,skateboard,000000300012.jpg,2,5,369742
a dog and a small sheep with a person holding the dog,person,sheep,000000387666.jpg,9,6,159710
A restroom with a toilet next to a sink.,toilet,sink,000000205356.jpg,5,9,35274
a person and a child playing with a kite,person,kite,000000316495.jpg,2,9,37249
The cake is shaped like a teddy bear.,bear,cake,000000061647.jpg,8,2,693710
A man feeds a small elephant from a bottle.,elephant,bottle,000000434962.jpg,6,9,36147
A man is holding a flag and an umbrella next to a river with a boat carrying several other flags.,umbrella,boat,000000257076.jpg,9,16,816139
A person placing a slice of pepperoni on a pizza.,person,pizza,000000354758.jpg,2,10,271458
A Splash Dog chasing a Frisbee into a pool during a performance,frisbee,dog,000000117690.jpg,6,3,394040
a white shoe is sitting on top of a bed,shoe,bed,000000350629.jpg,3,10,762163
A book is on the edge of a bed.,bed,book,000000118851.jpg,9,2,371448
A cat laying in front of a bathroom mirror.,cat,mirror,000000177262.jpg,2,9,611031
A motorcycle sitting next to a helicopter and car.,motorcycle,car,000000519145.jpg,2,9,771068
a man that is on a surfboard with a dog,surfboard,dog,000000459733.jpg,7,11,587002
A bed that has two laptop computers on it.,bed,laptop,000000281878.jpg,2,6,319374
A computer desk with a laptop in an open room.,desk,laptop,000000131011.jpg,4,7,699479
A man with an umbrella is sitting on a boat.,umbrella,boat,000000449302.jpg,5,10,374972
"A laptop, a mouse, and a pen are on the wooden table.",mouse,laptop,000000474401.jpg,5,2,348585
A person is doing a trick on their snowboard.,person,snowboard,000000135258.jpg,2,9,765649
The grey and white cat is standing inside of the toilet bowl full of cat litter.,bowl,toilet,000000101720.jpg,12,11,638413
A black cat taking a drink of water from the toilet.,cat,toilet,000000576111.jpg,3,11,312286
A bear and a dog sitting together on a hillside.,bear,dog,000000052938.jpg,2,5,290644
A calculator sits next to a handbag containing a banana.,handbag,banana,000000125353.jpg,7,10,538506
A vintage yellow refrigerator by a wooden chair.,chair,refrigerator,000000021320.jpg,8,4,201071
A person on skateboard does an air trick.,person,skateboard,000000070490.jpg,2,4,438069
A man riding a bike with an ice cream truck and a dog on it's front.,truck,dog,000000325042.jpg,10,13,383699
The infant is eating broccoli in the highchair.,chair,broccoli,000000545673.jpg,9,5,224101
A man with a dog sitting in his backpack talking to a woman in sunglasses.,backpack,dog,000000265916.jpg,9,5,117454
a person holding an umbrella as they walk down a trail ,person,umbrella,000000173157.jpg,2,5,756759
A cake is decorated with a monster truck and cars.,cake,truck,000000501204.jpg,2,8,38887
A tan dog laying its head on a teddy bear,bear,dog,000000205854.jpg,10,3,129287
The man in the bathroom is cleaning the toilet bowl. ,bowl,toilet,000000342045.jpg,10,9,650075
A dog is laying by a wooden bench,bench,dog,000000075455.jpg,8,2,562750
a brown pit bull dog laying on the bed,bed,dog,000000224468.jpg,9,5,392717
A bathroom with a separate area with door for the toilet.,door,toilet,000000560360.jpg,8,11,593619
A stylized photo of a person performing a trick on a skateboard.,person,skateboard,000000185639.jpg,7,13,407350
the person is walking in the rain with an umbrella ,person,umbrella,000000191191.jpg,2,10,637925
A cat sitting on a box very close to a tv watching the action.,cat,tv,000000153154.jpg,2,11,152215
a cat sitting in the floor looking up at a microwave,cat,microwave,000000230507.jpg,2,11,391787
a cat sitting inside of a toilet filled with grain,cat,toilet,000000101720.jpg,2,7,640966
A man in a floppy hat rides a surfboard on a calm sea.,surfboard,hat,000000234642.jpg,9,6,824390
A cat sitting on the arm of a chair next to a speaker.,chair,cat,000000277663.jpg,9,2,194602
A teddy bear sitting in front of a mirror on a shelf.,bear,mirror,000000511495.jpg,3,9,756563
A pizza is served on a plate with water.,pizza,plate,000000434305.jpg,2,7,45812
A close-up of a plate of taco salad and a pizza in the background.,pizza,plate,000000394172.jpg,13,7,151764
a pink red and white bed with a canopy and a pink chair,chair,bed,000000407336.jpg,13,6,305218
Person holding a sandwich unwrapped from it's tinfoil ,person,sandwich,000000203273.jpg,1,4,395185
This plate has a bowl of soup and two scoops of crab salad with tomatoes on top. ,bowl,plate,000000444156.jpg,5,2,532619
A person walking down a street at night with an umbrella.,person,umbrella,000000391170.jpg,2,11,429538
A slice of deep dish pizza sitting on a plate.,pizza,plate,000000378950.jpg,6,10,545979
A bird with an orange beak sitting on a tree branch.,orange,bird,000000009553.jpg,5,2,688205
a person standing wearing a blue tie and brown pants,tie,person,000000046013.jpg,7,2,37295
a crib themed cake with a teddy bear inside the crib,bear,cake,000000446958.jpg,8,4,16320
"A plate with noodles, meat and broccoli in some sauce.",broccoli,plate,000000407313.jpg,8,2,692704
a litttle bird flying towards a side view mirror ,mirror,bird,000000003040.jpg,10,4,623760
The person on a bike is under an umbrella to protect herself from the rain.,person,umbrella,000000551383.jpg,2,9,454805
A red farm truck with a flat bed of material blowing smoke.,bed,truck,000000151334.jpg,8,4,788673
A black and white cat sits in a bathroom sink. ,cat,sink,000000373252.jpg,5,10,156705
Two children each hold an apple and orange.,orange,apple,000000051222.jpg,8,6,135733
A young boy on a bicycle near a white car.,bicycle,car,000000399946.jpg,6,10,139791
a living room with a couch and tv,couch,tv,000000136860.jpg,6,8,394624
The people are riding in a horse and carriage that is driven by a man in a top hat. ,horse,hat,000000290560.jpg,7,19,650044
a close up of plate of food wit ha hot dog,dog,plate,000000580172.jpg,11,5,218312
A person standing in a bathroom next to a cat.,cat,person,000000236314.jpg,10,2,109455
a person in red chopping green apples under an umbrella,person,umbrella,000000320059.jpg,2,10,49781
A bright broccoli/cauliflower is held in front of a cutting board and knife.,knife,broccoli,000000072370.jpg,15,3,129572
A two car train is coming around the bend.,train,car,000000542257.jpg,4,3,138080
a blurry photo of a person riding a motorcycle ,motorcycle,person,000000541783.jpg,9,6,92369
A cat and a dog that are playing.,cat,dog,000000532975.jpg,2,5,114284
An elevated toilet and sink in a cramped bathroom.,toilet,sink,000000456076.jpg,3,5,813841
A kitchen sink in front of a window with dishes and appliances on either side. ,sink,window,000000158700.jpg,3,8,235238
A cat is sitting on a table in a bowl,cat,bowl,000000459598.jpg,2,10,653328
A photo taken from a car looking at the back of a school bus.,bus,car,000000115954.jpg,14,6,353771
A person standing behind a counter that is topped with bunches of banana.,person,banana,000000019609.jpg,2,14,623329
A picture being taken from a car of a cow under a bridge next to a parked scooter and eating from a pile of garbage.,cow,car,000000163030.jpg,10,7,438231
"A kitchen, with an oven stove, and a new refrigerator.",oven,refrigerator,000000229140.jpg,6,12,252372
A boy is laying down next to his backpack on a bench,backpack,bench,000000492545.jpg,9,12,800942
"A bathroom with a glass shower stall, toilet and sink.",toilet,sink,000000253854.jpg,9,11,810283
A orange and white striped cat laying on fabric in a clothing store.,orange,cat,000000199268.jpg,2,6,46220
A person is riding a horse on the sandy beach.,horse,person,000000357755.jpg,6,2,359854
This photo depicts a person on a motorcycle with a heavy load.,motorcycle,person,000000421619.jpg,8,5,642346
a person holding a small stuffed teddy bear in his hand ,bear,person,000000338054.jpg,8,2,617572
A light is beside the mirror above the kitchen sink.,mirror,sink,000000140708.jpg,6,10,683470
A person and a dog that are out in the snow.,person,dog,000000071122.jpg,2,5,136192
There is a person playing with a frisbee.,frisbee,person,000000532414.jpg,8,4,346866
Girls playing ball and Frisbee with their dog,frisbee,dog,000000573873.jpg,5,8,214012
a close up of a slice of pizza on a plate on a table,pizza,plate,000000565622.jpg,8,11,142881
a horse stands in front of a barbed wire fence,horse,bed,000000059179.jpg,2,9,339464
A bathroom with a whit sink and brown toilet lid.,toilet,sink,000000412780.jpg,9,6,621422
A young person going down a hill on a snowboard.,person,snowboard,000000380636.jpg,3,10,795336
A small baby elephant butting the leg of a person,elephant,person,000000108042.jpg,4,11,351440
A person s walking down a dark alley way carrying his skateboard.,person,skateboard,000000062839.jpg,2,12,583632
A cat falling asleep between a computer and its keyboard.,cat,keyboard,000000073729.jpg,2,11,521641
a kitchen with a stove a refrigerator and a sink,refrigerator,sink,000000277096.jpg,7,10,122824
A cat laying on a couch in a room.,couch,cat,000000119488.jpg,6,2,437042
A couch that has a laptop computer placed on it.,couch,laptop,000000139639.jpg,2,6,319576
A spotless bathroom with a sink and toilet.,toilet,sink,000000195761.jpg,9,7,340678
The banana is on the desk beside the calculator.,desk,banana,000000529012.jpg,6,2,217273
A white plate topped with a slice of pizza.,pizza,plate,000000251503.jpg,9,3,353441
a male wearing glasses and brown dog a sleep in a bed,bed,dog,000000056262.jpg,12,7,191873
A pretty lady on a couch holding a remote.,couch,remote,000000343514.jpg,6,9,279497
A plate of pizza and a salad sits on a wood table with other dishes.,pizza,plate,000000282737.jpg,4,2,73482
A person riding the ocean waves on a surfboard,person,surfboard,000000366028.jpg,2,9,66005
a close up of a sandwich and french fries on a plate,sandwich,plate,000000017152.jpg,6,12,140109
"BIG SCREEN TV SET, A COUCH, AND A FAN",couch,tv,000000456412.jpg,7,3,132749
"A blurry image of a person, some beer bottle and can.",bottle,person,000000416589.jpg,10,6,242070
A cat looks tired while wearing a small plastic hat.,cat,hat,000000339738.jpg,2,10,686602
Dogs love to ride with their heads out the car window.,window,car,000000432120.jpg,11,10,227719
An open black microwave with a teddy bear inside.,bear,microwave,000000030187.jpg,8,4,342632
This is an image of a person with a messy shirt and tie,tie,person,000000347380.jpg,13,7,34722
a microwave sits on a stands with a vase on it ,vase,microwave,000000468341.jpg,9,2,410911
A woman sitting on a chair under a umbrella.,chair,umbrella,000000480663.jpg,6,9,237990
A slice of pizza on a white plate.,pizza,plate,000000378950.jpg,4,8,542544
Woman mixing frosting in a bowl and decorating a cake,cake,bowl,000000179186.jpg,10,6,150062
A plate of orange slices and meat with three forks on it.,orange,plate,000000025202.jpg,4,2,374846
A man is holding a kite in the shape of a bird.,bird,kite,000000304939.jpg,12,6,750365
"A bag, a frisbee and a tin can on a wooden bench.",frisbee,bench,000000484136.jpg,5,13,156761
A person is riding a horse over a gate.,horse,person,000000307538.jpg,6,2,666025
A cat in a Santa hat on a Christmas card.,cat,hat,000000228746.jpg,2,6,523915
A bedroom with a bed and chair along with a nightstand with lamp on top of it.,chair,bed,000000394133.jpg,7,5,13572
A person on a snowboard on the slopes.,person,snowboard,000000268100.jpg,2,5,52859
A person standing on a skateboard near small cones.,person,skateboard,000000187785.jpg,2,6,741663
A man wearing a beach ball colored umbrella hat.,umbrella,hat,000000195998.jpg,8,9,117591
"A lot of orange, yellow and blue umbrella hang from lines.",orange,umbrella,000000403301.jpg,4,9,490387
A couple of wall urinals next to a sink and toilet.,toilet,sink,000000297206.jpg,12,10,731144
A teddy bear in the bed under the blanket. ,bed,bear,000000404063.jpg,6,3,229603
A bowl of food with a spoon on a table.,spoon,bowl,000000385313.jpg,7,2,187544
A toy truck rests on a bed of pine needles.,bed,truck,000000521351.jpg,7,3,819263
A bathroom with wall to wall mirror and sink ,mirror,sink,000000089908.jpg,7,9,812579
